eta,delta_h,M_loc,M_rec,Capacity,Balanced_score,Score_SD
0.0,3.0,0.8874999999999995,0.4708333333333333,0.9999999994392678,0.6677568151543823,0.27011081766003736
0.0,2.0,0.8874999999999995,0.4708333333333333,0.9999226720911263,0.6677396027561293,0.270103855162822
0.0,1.5,0.8874999999999995,0.4708333333333333,0.9951338090172428,0.6666719095209579,0.26967196815513106
0.3,2.0,0.8874999999999995,0.5125,0.9351276829396223,0.6638952829918612,0.2944872511216112
0.3,1.5,0.8874999999999995,0.5166666666666665,0.9306491381929252,0.6583905154775814,0.3042760046568446
0.3,3.0,0.8874999999999995,0.48749999999999993,0.9351999994756012,0.6526222981132113,0.2891962760209297
0.0,1.0,0.8874999999999995,0.4708333333333333,0.9062256491374908,0.6461952766295103,0.2613890724546139
0.15,1.5,0.8874999999999995,0.4833333333333333,0.9790126413111635,0.6415774879365393,0.3209201617893354
0.45,2.0,0.8874999999999995,0.5125,0.8541339465002407,0.6391454159456601,0.29456778625584756
0.15,2.0,0.8874999999999995,0.4625000000000001,0.9837239248032489,0.6386160962686488,0.3073217116365614
0.15,1.0,0.8874999999999995,0.4958333333333333,0.8915447936214635,0.6334504272026307,0.3053527606852656
0.15,3.0,0.8874999999999995,0.4666666666666668,0.9837999994483508,0.6333992743888999,0.31706625749737494
0.45,1.5,0.8555555555555548,0.5083333333333332,0.8500432996625301,0.6289972611610456,0.29135712918199064
0.3,1.0,0.866666666666666,0.5166666666666666,0.8475022270733827,0.6270419186897264,0.30196971077162155
0.45,3.0,0.8874999999999995,0.4916666666666666,0.8541999995210213,0.6240098815487375,0.2996825469347645
0.0,0.75,0.8874999999999995,0.4708333333333333,0.7358824333500688,0.6028664853225755,0.24386236964525132
0.6,2.0,0.8486111111111103,0.4999999999999999,0.7407427154851054,0.6006718508378741,0.26603143651091404
0.15,0.75,0.8874999999999995,0.5083333333333333,0.7239611379297968,0.596065023317626,0.28745858542162356
0.6,3.0,0.8874999999999995,0.47916666666666663,0.7407999995846094,0.5958872267763844,0.2756781131879881
0.45,1.0,0.7624999999999997,0.5083333333333332,0.7740979494932457,0.5854292588216738,0.2709704951935445
0.6,1.5,0.7666666666666664,0.4999999999999999,0.7371951257199727,0.578467120295352,0.25672875227857217
0.75,3.0,0.8819444444444438,0.4916666666666666,0.5949999996663635,0.5716648557871105,0.23235761427668608
0.3,0.75,0.7708333333333331,0.5208333333333333,0.6881972516689819,0.5638848299996088,0.27254824229704644
0.6,1.0,0.7569444444444442,0.5041666666666667,0.6713319608810545,0.561187602092516,0.24754931154326326
0.45,0.75,0.7638888888888886,0.5125,0.6285907745676271,0.5537591811768905,0.24639382690182707
0.75,1.5,0.7583333333333331,0.4958333333333333,0.5921046163652599,0.5452422905691304,0.21908800317783206
0.75,2.0,0.7791666666666662,0.4916666666666666,0.5949539898942213,0.5423460564938226,0.23115753351351806
0.75,1.0,0.7277777777777776,0.5041666666666667,0.5392042612368069,0.5286103257681215,0.20527119287400356
0.6,0.75,0.7541666666666664,0.5125,0.5451417066257298,0.5254777983417717,0.23260832851558477
0.0,0.5,0.8874999999999995,0.4708333333333333,0.4466231121034762,0.5104251444625194,0.20646940622109333
0.15,0.5,0.8874999999999995,0.5083333333333333,0.43938781768739943,0.504666593753609,0.24338073779688543
0.9,3.0,0.8097222222222216,0.5,0.41679999976628646,0.5045977110685322,0.18448558192377768
0.9,2.0,0.7444444444444445,0.4958333333333333,0.4167677697275815,0.4895397944722958,0.17937414058831308
0.75,0.75,0.7222222222222221,0.4958333333333333,0.43785004784329057,0.4840904500550434,0.19742480521132832
0.9,1.5,0.7166666666666666,0.4916666666666666,0.4147717715983862,0.4815577702184175,0.17640162224502984
0.3,0.5,0.7624999999999996,0.5041666666666667,0.41768193443917034,0.4710966030096455,0.22826103970287073
0.45,0.5,0.7611111111111108,0.5041666666666667,0.3815054623587885,0.46503290829755783,0.20730594648122755
0.9,1.0,0.7124999999999999,0.4999999999999999,0.37771485056050574,0.4635861603986212,0.17953690323508587
0.6,0.5,0.7291666666666665,0.5041666666666667,0.3308584014462543,0.4415898069276629,0.18802081164266995
0.9,0.75,0.675,0.520833333333333,0.30671579822030753,0.4390180265146437,0.15115322134818204
0.75,0.5,0.709722222222222,0.4958333333333333,0.26574075170156786,0.40736989243589417,0.16658420651153413
0.9,0.5,0.6666666666666667,0.5041666666666665,0.18615251312472847,0.3564132094397924,0.14476463728620362
0.0,0.25,0.8874999999999995,0.4708333333333333,0.13750764517147956,0.3446624288367781,0.1394175968810936
0.15,0.25,0.8874999999999995,0.5125,0.13528002131970146,0.33859009345506874,0.16916692069500058
0.3,0.25,0.7555555555555553,0.5041666666666665,0.12859714976436737,0.3171709611964994,0.15346772619123783
0.45,0.25,0.7486111111111109,0.5125,0.11745903050547764,0.3146723120275734,0.14026907880067907
0.6,0.25,0.7124999999999999,0.4958333333333333,0.10186566354303213,0.2966507781528663,0.1212111704417307
0.75,0.25,0.7013888888888887,0.5041666666666667,0.0818170488770304,0.27588462669118313,0.11271808894504218
0.9,0.25,0.6652777777777779,0.4999999999999999,0.05731318650747267,0.23973564318435603,0.09759163049860257
