Mode,eta,M_loc,M_rec,Mode_separation,Balanced_score,Score_SD
flow,0.0,0.9981481481481481,0.42777777777777787,0.968121893027624,0.5794783807678001,0.38689580204678586
flow,0.1,0.9611111111111108,0.5777777777777781,0.8671069204698274,0.7356142138183933,0.21848362576057745
flow,0.2,0.8259259259259256,0.6500000000000001,0.4658878352482652,0.596460460641039,0.16100321119962327
flow,0.3,0.6722222222222224,0.6888888888888889,0.20494985791721612,0.393802252187705,0.16504766549305444
flow,0.35,0.6203703703703706,0.6666666666666666,0.11795632516419324,0.31448320716938577,0.13060375441088531
flow,0.39,0.5888888888888891,0.6666666666666666,0.08529935633527308,0.2708017263849213,0.12403246776527062
flow,0.42,0.5666666666666668,0.6722222222222223,0.07390051821624044,0.24806393188815906,0.11926006723732542
flow,0.5,0.5277777777777777,0.6611111111111112,0.055851666185045265,0.19978544391467068,0.11760968620485372
flow,0.6,0.511111111111111,0.6500000000000001,0.03195808338481507,0.1591751269074427,0.08901088155761039
flow,0.75,0.49629629629629607,0.6666666666666667,0.022519277322187902,0.1326343451313664,0.07271120132776672
flow,0.9,0.48333333333333306,0.6722222222222223,0.021705040705477734,0.11664400923664696,0.07085998326792885
gate+shadow,0.0,0.9981481481481481,0.42777777777777787,0.968121893027624,0.5794783807678001,0.38689580204678586
gate+shadow,0.1,1.0,0.5333333333333334,0.9573275197298498,0.696451924961984,0.32425980822006895
gate+shadow,0.2,0.9962962962962962,0.5611111111111112,0.9488173446639193,0.7427480722179721,0.2631917017471123
gate+shadow,0.3,0.9740740740740741,0.5500000000000002,0.9339355904445225,0.7176696998733557,0.29238465716794215
gate+shadow,0.35,0.9685185185185183,0.5611111111111113,0.9377130262269113,0.7379187623858504,0.2591380301061187
gate+shadow,0.39,0.9685185185185183,0.5500000000000002,0.9432165608836539,0.7241986052938159,0.275723228487487
gate+shadow,0.42,0.959259259259259,0.5555555555555556,0.9462014582228953,0.7406100789323418,0.24245495832282163
gate+shadow,0.5,0.9314814814814814,0.5166666666666667,0.9473247473088241,0.7151704354388706,0.240290279038727
gate+shadow,0.6,0.8981481481481478,0.5333333333333334,0.940712517627747,0.7108727700797258,0.23987265628018184
gate+shadow,0.75,0.8277777777777778,0.5500000000000002,0.9339568537123519,0.6854588082123485,0.2684312212327069
gate+shadow,0.9,0.7500000000000001,0.5277777777777779,0.9774645622179603,0.654274208359168,0.27034625211570873
