affected_nodes,full_accuracy,full_recompute_cost,summary_accuracy,summary_affected_accuracy,summary_recompute_cost,bindu_accuracy,bindu_recompute_cost,bindu_saved_vs_full
1,1.0,140,1.0,1.0,0,1.0,1,0.9928571428571429
89,1.0,140,0.74375,0.5393258426966292,0,1.0,89,0.3642857142857143
59,1.0,140,0.8375,0.559322033898305,0,1.0,59,0.5785714285714285
70,1.0,140,0.86875,0.7,0,1.0,70,0.5
38,1.0,140,0.98125,0.9210526315789473,0,1.0,38,0.7285714285714286
17,1.0,140,0.9625,0.6470588235294118,0,1.0,17,0.8785714285714286
78,1.0,140,0.825,0.6410256410256411,0,1.0,78,0.44285714285714284
16,1.0,140,0.9875,0.875,0,1.0,16,0.8857142857142857
32,1.0,140,0.9125,0.5625,0,1.0,32,0.7714285714285715
44,1.0,140,0.9875,0.9545454545454546,0,1.0,44,0.6857142857142857
76,1.0,140,0.85,0.6842105263157895,0,1.0,76,0.4571428571428572
65,1.0,140,0.9,0.7538461538461538,0,1.0,65,0.5357142857142857
82,1.0,140,0.8,0.6097560975609756,0,1.0,82,0.41428571428571426
27,1.0,140,0.9875,0.9259259259259259,0,1.0,27,0.8071428571428572
80,1.0,140,0.88125,0.7625,0,1.0,80,0.4285714285714286
19,1.0,140,0.93125,0.42105263157894735,0,1.0,19,0.8642857142857143
3,1.0,140,0.9875,0.3333333333333333,0,1.0,3,0.9785714285714285
38,1.0,140,0.9875,0.9473684210526315,0,1.0,38,0.7285714285714286
52,1.0,140,0.80625,0.40384615384615385,0,1.0,52,0.6285714285714286
77,1.0,140,0.8125,0.6103896103896104,0,1.0,77,0.44999999999999996
53,1.0,140,0.7875,0.3584905660377358,0,1.0,53,0.6214285714285714
77,1.0,140,0.975,0.948051948051948,0,1.0,77,0.44999999999999996
80,1.0,140,0.8375,0.675,0,1.0,80,0.4285714285714286
7,1.0,140,0.9625,0.14285714285714285,0,1.0,7,0.95
11,1.0,140,0.94375,0.18181818181818182,0,1.0,11,0.9214285714285715
88,1.0,140,0.86875,0.7613636363636364,0,1.0,88,0.37142857142857144
39,1.0,140,0.91875,0.6666666666666666,0,1.0,39,0.7214285714285714
4,1.0,140,0.99375,0.75,0,1.0,4,0.9714285714285714
10,1.0,140,0.975,0.6,0,1.0,10,0.9285714285714286
49,1.0,140,0.99375,0.9795918367346939,0,1.0,49,0.65
52,1.0,140,0.99375,0.9807692307692307,0,1.0,52,0.6285714285714286
92,1.0,140,0.975,0.9565217391304348,0,1.0,92,0.34285714285714286
18,1.0,140,0.975,0.7777777777777778,0,1.0,18,0.8714285714285714
55,1.0,140,0.79375,0.4,0,1.0,55,0.6071428571428572
24,1.0,140,0.95,0.6666666666666666,0,1.0,24,0.8285714285714285
74,1.0,140,0.825,0.6216216216216216,0,1.0,74,0.4714285714285714
69,1.0,140,0.85,0.6521739130434783,0,1.0,69,0.5071428571428571
60,1.0,140,0.9,0.7333333333333333,0,1.0,60,0.5714285714285714
27,1.0,140,0.99375,0.9629629629629629,0,1.0,27,0.8071428571428572
49,1.0,140,0.99375,0.9795918367346939,0,1.0,49,0.65
14,1.0,140,0.98125,0.7857142857142857,0,1.0,14,0.9
46,1.0,140,0.8625,0.5217391304347826,0,1.0,46,0.6714285714285715
72,1.0,140,0.725,0.3888888888888889,0,1.0,72,0.48571428571428577
67,1.0,140,0.96875,0.9253731343283582,0,1.0,67,0.5214285714285714
14,1.0,140,0.98125,0.7857142857142857,0,1.0,14,0.9
39,1.0,140,0.8875,0.5384615384615384,0,1.0,39,0.7214285714285714
74,1.0,140,0.73125,0.4189189189189189,0,1.0,74,0.4714285714285714
30,1.0,140,0.94375,0.7,0,1.0,30,0.7857142857142857
45,1.0,140,0.9625,0.8666666666666667,0,1.0,45,0.6785714285714286
43,1.0,140,0.96875,0.8837209302325582,0,1.0,43,0.6928571428571428
38,1.0,140,0.9625,0.8421052631578947,0,1.0,38,0.7285714285714286
9,1.0,140,0.99375,0.8888888888888888,0,1.0,9,0.9357142857142857
77,1.0,140,0.99375,0.987012987012987,0,1.0,77,0.44999999999999996
50,1.0,140,0.95,0.84,0,1.0,50,0.6428571428571428
48,1.0,140,0.95,0.8333333333333334,0,1.0,48,0.6571428571428571
46,1.0,140,0.9,0.6521739130434783,0,1.0,46,0.6714285714285715
12,1.0,140,0.95625,0.4166666666666667,0,1.0,12,0.9142857142857143
61,1.0,140,0.98125,0.9508196721311475,0,1.0,61,0.5642857142857143
8,1.0,140,0.99375,0.875,0,1.0,8,0.9428571428571428
59,1.0,140,0.875,0.6610169491525424,0,1.0,59,0.5785714285714285
31,1.0,140,0.98125,0.9032258064516129,0,1.0,31,0.7785714285714286
50,1.0,140,0.8125,0.4,0,1.0,50,0.6428571428571428
40,1.0,140,0.9875,0.95,0,1.0,40,0.7142857142857143
33,1.0,140,0.9625,0.8181818181818182,0,1.0,33,0.7642857142857142
76,1.0,140,0.94375,0.881578947368421,0,1.0,76,0.4571428571428572
60,1.0,140,0.8625,0.6333333333333333,0,1.0,60,0.5714285714285714
91,1.0,140,0.775,0.6043956043956044,0,1.0,91,0.35
76,1.0,140,0.94375,0.881578947368421,0,1.0,76,0.4571428571428572
30,1.0,140,0.9625,0.8,0,1.0,30,0.7857142857142857
14,1.0,140,0.91875,0.07142857142857142,0,1.0,14,0.9
82,1.0,140,0.84375,0.6951219512195121,0,1.0,82,0.41428571428571426
41,1.0,140,0.88125,0.5365853658536586,0,1.0,41,0.7071428571428571
29,1.0,140,0.925,0.5862068965517241,0,1.0,29,0.7928571428571428
5,1.0,140,0.96875,0.0,0,1.0,5,0.9642857142857143
11,1.0,140,0.98125,0.7272727272727273,0,1.0,11,0.9214285714285715
69,1.0,140,0.9125,0.7971014492753623,0,1.0,69,0.5071428571428571
68,1.0,140,0.86875,0.6911764705882353,0,1.0,68,0.5142857142857142
59,1.0,140,0.96875,0.9152542372881356,0,1.0,59,0.5785714285714285
17,1.0,140,0.95,0.5294117647058824,0,1.0,17,0.8785714285714286
54,1.0,140,0.89375,0.6851851851851852,0,1.0,54,0.6142857142857143
43,1.0,140,0.975,0.9069767441860465,0,1.0,43,0.6928571428571428
1,1.0,140,0.99375,0.0,0,1.0,1,0.9928571428571429
57,1.0,140,0.925,0.7894736842105263,0,1.0,57,0.5928571428571429
12,1.0,140,0.95625,0.4166666666666667,0,1.0,12,0.9142857142857143
8,1.0,140,0.99375,0.875,0,1.0,8,0.9428571428571428
11,1.0,140,0.95,0.2727272727272727,0,1.0,11,0.9214285714285715
2,1.0,140,0.99375,0.5,0,1.0,2,0.9857142857142858
5,1.0,140,0.9875,0.6,0,1.0,5,0.9642857142857143
49,1.0,140,0.8375,0.46938775510204084,0,1.0,49,0.65
13,1.0,140,0.96875,0.6153846153846154,0,1.0,13,0.9071428571428571
52,1.0,140,0.95,0.8461538461538461,0,1.0,52,0.6285714285714286
58,1.0,140,0.8875,0.6896551724137931,0,1.0,58,0.5857142857142856
66,1.0,140,0.95,0.8787878787878788,0,1.0,66,0.5285714285714286
92,1.0,140,0.9625,0.9347826086956522,0,1.0,92,0.34285714285714286
61,1.0,140,0.86875,0.6557377049180327,0,1.0,61,0.5642857142857143
12,1.0,140,0.93125,0.08333333333333333,0,1.0,12,0.9142857142857143
64,1.0,140,0.96875,0.921875,0,1.0,64,0.5428571428571429
34,1.0,140,0.975,0.8823529411764706,0,1.0,34,0.7571428571428571
72,1.0,140,0.84375,0.6527777777777778,0,1.0,72,0.48571428571428577
5,1.0,140,0.975,0.2,0,1.0,5,0.9642857142857143
35,1.0,140,0.925,0.6571428571428571,0,1.0,35,0.75
53,1.0,140,0.85,0.5471698113207547,0,1.0,53,0.6214285714285714
47,1.0,140,0.9,0.6595744680851063,0,1.0,47,0.6642857142857144
12,1.0,140,0.95625,0.4166666666666667,0,1.0,12,0.9142857142857143
92,1.0,140,0.91875,0.8586956521739131,0,1.0,92,0.34285714285714286
15,1.0,140,0.9875,0.8666666666666667,0,1.0,15,0.8928571428571429
111,1.0,140,0.91875,0.8828828828828829,0,1.0,111,0.20714285714285718
36,1.0,140,0.9125,0.6111111111111112,0,1.0,36,0.7428571428571429
5,1.0,140,0.99375,0.8,0,1.0,5,0.9642857142857143
47,1.0,140,0.91875,0.723404255319149,0,1.0,47,0.6642857142857144
79,1.0,140,0.8,0.5949367088607594,0,1.0,79,0.4357142857142857
62,1.0,140,0.85,0.6129032258064516,0,1.0,62,0.5571428571428572
93,1.0,140,0.7125,0.5053763440860215,0,1.0,93,0.33571428571428574
44,1.0,140,0.90625,0.6590909090909091,0,1.0,44,0.6857142857142857
57,1.0,140,0.85625,0.5964912280701754,0,1.0,57,0.5928571428571429
69,1.0,140,0.95,0.8840579710144928,0,1.0,69,0.5071428571428571
50,1.0,140,0.93125,0.78,0,1.0,50,0.6428571428571428
82,1.0,140,0.79375,0.5975609756097561,0,1.0,82,0.41428571428571426
70,1.0,140,0.86875,0.7,0,1.0,70,0.5
5,1.0,140,0.99375,0.8,0,1.0,5,0.9642857142857143
24,1.0,140,0.91875,0.4583333333333333,0,1.0,24,0.8285714285714285
72,1.0,140,0.875,0.7222222222222222,0,1.0,72,0.48571428571428577
77,1.0,140,0.81875,0.6233766233766234,0,1.0,77,0.44999999999999996
32,1.0,140,0.9625,0.8125,0,1.0,32,0.7714285714285715
103,1.0,140,0.75625,0.6213592233009708,0,1.0,103,0.26428571428571423
52,1.0,140,0.90625,0.7115384615384616,0,1.0,52,0.6285714285714286
18,1.0,140,1.0,1.0,0,1.0,18,0.8714285714285714
49,1.0,140,0.90625,0.6938775510204082,0,1.0,49,0.65
66,1.0,140,0.90625,0.7727272727272727,0,1.0,66,0.5285714285714286
40,1.0,140,0.96875,0.875,0,1.0,40,0.7142857142857143
64,1.0,140,0.78125,0.453125,0,1.0,64,0.5428571428571429
19,1.0,140,0.975,0.7894736842105263,0,1.0,19,0.8642857142857143
14,1.0,140,0.9875,0.8571428571428571,0,1.0,14,0.9
39,1.0,140,0.9625,0.8461538461538461,0,1.0,39,0.7214285714285714
47,1.0,140,0.8875,0.6170212765957447,0,1.0,47,0.6642857142857144
23,1.0,140,0.94375,0.6086956521739131,0,1.0,23,0.8357142857142857
69,1.0,140,0.88125,0.7246376811594203,0,1.0,69,0.5071428571428571
38,1.0,140,0.925,0.6842105263157895,0,1.0,38,0.7285714285714286
30,1.0,140,0.86875,0.3,0,1.0,30,0.7857142857142857
28,1.0,140,0.90625,0.4642857142857143,0,1.0,28,0.8
87,1.0,140,0.91875,0.8505747126436781,0,1.0,87,0.37857142857142856
52,1.0,140,0.9625,0.8846153846153846,0,1.0,52,0.6285714285714286
70,1.0,140,0.85625,0.6714285714285714,0,1.0,70,0.5
45,1.0,140,0.95,0.8222222222222222,0,1.0,45,0.6785714285714286
9,1.0,140,0.96875,0.4444444444444444,0,1.0,9,0.9357142857142857
56,1.0,140,0.86875,0.625,0,1.0,56,0.6
67,1.0,140,0.85,0.6417910447761194,0,1.0,67,0.5214285714285714
48,1.0,140,0.95625,0.8541666666666666,0,1.0,48,0.6571428571428571
14,1.0,140,0.98125,0.7857142857142857,0,1.0,14,0.9
25,1.0,140,0.95,0.68,0,1.0,25,0.8214285714285714
37,1.0,140,0.975,0.8918918918918919,0,1.0,37,0.7357142857142858
29,1.0,140,1.0,1.0,0,1.0,29,0.7928571428571428
26,1.0,140,0.91875,0.5,0,1.0,26,0.8142857142857143
62,1.0,140,0.90625,0.7580645161290323,0,1.0,62,0.5571428571428572
41,1.0,140,0.9875,0.9512195121951219,0,1.0,41,0.7071428571428571
10,1.0,140,1.0,1.0,0,1.0,10,0.9285714285714286
54,1.0,140,0.95625,0.8703703703703703,0,1.0,54,0.6142857142857143
88,1.0,140,0.75,0.5454545454545454,0,1.0,88,0.37142857142857144
35,1.0,140,0.95625,0.8,0,1.0,35,0.75
59,1.0,140,0.89375,0.711864406779661,0,1.0,59,0.5785714285714285
37,1.0,140,1.0,1.0,0,1.0,37,0.7357142857142858
59,1.0,140,0.88125,0.6779661016949152,0,1.0,59,0.5785714285714285
54,1.0,140,0.875,0.6296296296296297,0,1.0,54,0.6142857142857143
63,1.0,140,0.91875,0.7936507936507936,0,1.0,63,0.55
84,1.0,140,0.84375,0.7023809523809523,0,1.0,84,0.4
51,1.0,140,0.975,0.9215686274509803,0,1.0,51,0.6357142857142857
89,1.0,140,0.80625,0.651685393258427,0,1.0,89,0.3642857142857143
16,1.0,140,0.975,0.75,0,1.0,16,0.8857142857142857
64,1.0,140,0.875,0.6875,0,1.0,64,0.5428571428571429
35,1.0,140,0.9875,0.9428571428571428,0,1.0,35,0.75
76,1.0,140,0.88125,0.75,0,1.0,76,0.4571428571428572
48,1.0,140,0.89375,0.6458333333333334,0,1.0,48,0.6571428571428571
59,1.0,140,0.90625,0.7457627118644068,0,1.0,59,0.5785714285714285
47,1.0,140,0.8625,0.5319148936170213,0,1.0,47,0.6642857142857144
42,1.0,140,0.96875,0.8809523809523809,0,1.0,42,0.7
58,1.0,140,0.975,0.9310344827586207,0,1.0,58,0.5857142857142856
75,1.0,140,0.86875,0.72,0,1.0,75,0.4642857142857143
74,1.0,140,0.99375,0.9864864864864865,0,1.0,74,0.4714285714285714
77,1.0,140,0.75,0.4805194805194805,0,1.0,77,0.44999999999999996
68,1.0,140,0.93125,0.8382352941176471,0,1.0,68,0.5142857142857142
67,1.0,140,0.875,0.7014925373134329,0,1.0,67,0.5214285714285714
48,1.0,140,0.925,0.75,0,1.0,48,0.6571428571428571
18,1.0,140,0.975,0.7777777777777778,0,1.0,18,0.8714285714285714
31,1.0,140,0.98125,0.9032258064516129,0,1.0,31,0.7785714285714286
19,1.0,140,0.96875,0.7368421052631579,0,1.0,19,0.8642857142857143
55,1.0,140,0.8625,0.6,0,1.0,55,0.6071428571428572
90,1.0,140,0.975,0.9555555555555556,0,1.0,90,0.3571428571428571
26,1.0,140,0.99375,0.9615384615384616,0,1.0,26,0.8142857142857143
57,1.0,140,0.83125,0.5263157894736842,0,1.0,57,0.5928571428571429
40,1.0,140,0.9,0.6,0,1.0,40,0.7142857142857143
25,1.0,140,1.0,1.0,0,1.0,25,0.8214285714285714
65,1.0,140,0.9625,0.9076923076923077,0,1.0,65,0.5357142857142857
64,1.0,140,0.93125,0.828125,0,1.0,64,0.5428571428571429
83,1.0,140,0.86875,0.7469879518072289,0,1.0,83,0.40714285714285714
25,1.0,140,0.98125,0.88,0,1.0,25,0.8214285714285714
40,1.0,140,0.9375,0.75,0,1.0,40,0.7142857142857143
38,1.0,140,0.85,0.3684210526315789,0,1.0,38,0.7285714285714286
69,1.0,140,0.84375,0.6376811594202898,0,1.0,69,0.5071428571428571
89,1.0,140,0.8,0.6404494382022472,0,1.0,89,0.3642857142857143
53,1.0,140,0.9,0.6981132075471698,0,1.0,53,0.6214285714285714
23,1.0,140,1.0,1.0,0,1.0,23,0.8357142857142857
9,1.0,140,0.99375,0.8888888888888888,0,1.0,9,0.9357142857142857
26,1.0,140,0.9375,0.6153846153846154,0,1.0,26,0.8142857142857143
69,1.0,140,0.9125,0.7971014492753623,0,1.0,69,0.5071428571428571
49,1.0,140,0.89375,0.6530612244897959,0,1.0,49,0.65
7,1.0,140,1.0,1.0,0,1.0,7,0.95
31,1.0,140,0.95,0.7419354838709677,0,1.0,31,0.7785714285714286
7,1.0,140,0.9625,0.14285714285714285,0,1.0,7,0.95
55,1.0,140,0.88125,0.6545454545454545,0,1.0,55,0.6071428571428572
57,1.0,140,0.81875,0.49122807017543857,0,1.0,57,0.5928571428571429
68,1.0,140,0.81875,0.5735294117647058,0,1.0,68,0.5142857142857142
50,1.0,140,0.9125,0.72,0,1.0,50,0.6428571428571428
18,1.0,140,0.98125,0.8333333333333334,0,1.0,18,0.8714285714285714
76,1.0,140,0.79375,0.5657894736842105,0,1.0,76,0.4571428571428572
49,1.0,140,0.8375,0.46938775510204084,0,1.0,49,0.65
62,1.0,140,0.925,0.8064516129032258,0,1.0,62,0.5571428571428572
78,1.0,140,0.88125,0.7564102564102564,0,1.0,78,0.44285714285714284
30,1.0,140,1.0,1.0,0,1.0,30,0.7857142857142857
54,1.0,140,0.99375,0.9814814814814815,0,1.0,54,0.6142857142857143
47,1.0,140,0.925,0.7446808510638298,0,1.0,47,0.6642857142857144
74,1.0,140,0.8375,0.6486486486486487,0,1.0,74,0.4714285714285714
77,1.0,140,0.86875,0.7272727272727273,0,1.0,77,0.44999999999999996
67,1.0,140,0.8625,0.6716417910447762,0,1.0,67,0.5214285714285714
78,1.0,140,0.85,0.6923076923076923,0,1.0,78,0.44285714285714284
82,1.0,140,0.84375,0.6951219512195121,0,1.0,82,0.41428571428571426
30,1.0,140,0.90625,0.5,0,1.0,30,0.7857142857142857
59,1.0,140,0.88125,0.6779661016949152,0,1.0,59,0.5785714285714285
18,1.0,140,0.93125,0.3888888888888889,0,1.0,18,0.8714285714285714
5,1.0,140,0.99375,0.8,0,1.0,5,0.9642857142857143
82,1.0,140,0.9125,0.8292682926829268,0,1.0,82,0.41428571428571426
56,1.0,140,0.96875,0.9107142857142857,0,1.0,56,0.6
53,1.0,140,0.925,0.7735849056603774,0,1.0,53,0.6214285714285714
23,1.0,140,0.98125,0.8695652173913043,0,1.0,23,0.8357142857142857
59,1.0,140,0.9125,0.7627118644067796,0,1.0,59,0.5785714285714285
49,1.0,140,0.86875,0.5714285714285714,0,1.0,49,0.65
56,1.0,140,0.93125,0.8035714285714286,0,1.0,56,0.6
12,1.0,140,1.0,1.0,0,1.0,12,0.9142857142857143
17,1.0,140,0.9875,0.8823529411764706,0,1.0,17,0.8785714285714286
4,1.0,140,0.9875,0.5,0,1.0,4,0.9714285714285714
27,1.0,140,0.98125,0.8888888888888888,0,1.0,27,0.8071428571428572
50,1.0,140,0.89375,0.66,0,1.0,50,0.6428571428571428
54,1.0,140,0.85625,0.5740740740740741,0,1.0,54,0.6142857142857143
11,1.0,140,0.96875,0.5454545454545454,0,1.0,11,0.9214285714285715
73,1.0,140,0.975,0.9452054794520548,0,1.0,73,0.47857142857142854
69,1.0,140,0.95625,0.8985507246376812,0,1.0,69,0.5071428571428571
23,1.0,140,0.95,0.6521739130434783,0,1.0,23,0.8357142857142857
19,1.0,140,0.975,0.7894736842105263,0,1.0,19,0.8642857142857143
59,1.0,140,0.94375,0.847457627118644,0,1.0,59,0.5785714285714285
57,1.0,140,0.9875,0.9649122807017544,0,1.0,57,0.5928571428571429
16,1.0,140,0.98125,0.8125,0,1.0,16,0.8857142857142857
41,1.0,140,0.925,0.7073170731707317,0,1.0,41,0.7071428571428571
9,1.0,140,0.96875,0.4444444444444444,0,1.0,9,0.9357142857142857
1,1.0,140,1.0,1.0,0,1.0,1,0.9928571428571429
28,1.0,140,0.88125,0.32142857142857145,0,1.0,28,0.8
20,1.0,140,0.9125,0.3,0,1.0,20,0.8571428571428572
68,1.0,140,1.0,1.0,0,1.0,68,0.5142857142857142
36,1.0,140,0.8875,0.5,0,1.0,36,0.7428571428571429
53,1.0,140,0.9875,0.9622641509433962,0,1.0,53,0.6214285714285714
97,1.0,140,0.79375,0.6597938144329897,0,1.0,97,0.30714285714285716
6,1.0,140,0.9875,0.6666666666666666,0,1.0,6,0.9571428571428572
78,1.0,140,0.93125,0.8589743589743589,0,1.0,78,0.44285714285714284
84,1.0,140,0.95625,0.9166666666666666,0,1.0,84,0.4
54,1.0,140,1.0,1.0,0,1.0,54,0.6142857142857143
19,1.0,140,0.96875,0.7368421052631579,0,1.0,19,0.8642857142857143
84,1.0,140,0.96875,0.9404761904761905,0,1.0,84,0.4
39,1.0,140,0.925,0.6923076923076923,0,1.0,39,0.7214285714285714
35,1.0,140,0.95,0.7714285714285715,0,1.0,35,0.75
30,1.0,140,0.96875,0.8333333333333334,0,1.0,30,0.7857142857142857
48,1.0,140,0.8875,0.625,0,1.0,48,0.6571428571428571
80,1.0,140,0.86875,0.7375,0,1.0,80,0.4285714285714286
70,1.0,140,0.95,0.8857142857142857,0,1.0,70,0.5
18,1.0,140,0.925,0.3333333333333333,0,1.0,18,0.8714285714285714
49,1.0,140,0.85,0.5102040816326531,0,1.0,49,0.65
27,1.0,140,0.95,0.7037037037037037,0,1.0,27,0.8071428571428572
79,1.0,140,0.8625,0.7215189873417721,0,1.0,79,0.4357142857142857
84,1.0,140,0.725,0.47619047619047616,0,1.0,84,0.4
11,1.0,140,0.96875,0.5454545454545454,0,1.0,11,0.9214285714285715
50,1.0,140,0.9625,0.88,0,1.0,50,0.6428571428571428
96,1.0,140,0.85,0.75,0,1.0,96,0.3142857142857143
69,1.0,140,0.89375,0.7536231884057971,0,1.0,69,0.5071428571428571
49,1.0,140,0.9625,0.8775510204081632,0,1.0,49,0.65
66,1.0,140,0.9375,0.8484848484848485,0,1.0,66,0.5285714285714286
34,1.0,140,0.9625,0.8235294117647058,0,1.0,34,0.7571428571428571
102,1.0,140,0.73125,0.5784313725490197,0,1.0,102,0.27142857142857146
82,1.0,140,0.74375,0.5,0,1.0,82,0.41428571428571426
52,1.0,140,0.90625,0.7115384615384616,0,1.0,52,0.6285714285714286
81,1.0,140,0.85,0.7037037037037037,0,1.0,81,0.4214285714285714
46,1.0,140,0.84375,0.45652173913043476,0,1.0,46,0.6714285714285715
54,1.0,140,0.93125,0.7962962962962963,0,1.0,54,0.6142857142857143
31,1.0,140,0.9125,0.5483870967741935,0,1.0,31,0.7785714285714286
4,1.0,140,0.9875,0.5,0,1.0,4,0.9714285714285714
76,1.0,140,0.9375,0.868421052631579,0,1.0,76,0.4571428571428572
27,1.0,140,0.99375,0.9629629629629629,0,1.0,27,0.8071428571428572
52,1.0,140,0.88125,0.6346153846153846,0,1.0,52,0.6285714285714286
58,1.0,140,0.84375,0.5689655172413793,0,1.0,58,0.5857142857142856
17,1.0,140,0.94375,0.47058823529411764,0,1.0,17,0.8785714285714286
47,1.0,140,0.95,0.8297872340425532,0,1.0,47,0.6642857142857144
2,1.0,140,0.9875,0.0,0,1.0,2,0.9857142857142858
53,1.0,140,0.94375,0.8301886792452831,0,1.0,53,0.6214285714285714
24,1.0,140,1.0,1.0,0,1.0,24,0.8285714285714285
73,1.0,140,0.79375,0.547945205479452,0,1.0,73,0.47857142857142854
69,1.0,140,0.83125,0.6086956521739131,0,1.0,69,0.5071428571428571
42,1.0,140,0.88125,0.5476190476190477,0,1.0,42,0.7
60,1.0,140,0.875,0.6666666666666666,0,1.0,60,0.5714285714285714
42,1.0,140,0.9625,0.8571428571428571,0,1.0,42,0.7
41,1.0,140,0.925,0.7073170731707317,0,1.0,41,0.7071428571428571
71,1.0,140,0.85,0.6619718309859155,0,1.0,71,0.4928571428571429
86,1.0,140,0.8875,0.7906976744186046,0,1.0,86,0.3857142857142857
72,1.0,140,0.8875,0.75,0,1.0,72,0.48571428571428577
10,1.0,140,0.96875,0.5,0,1.0,10,0.9285714285714286
57,1.0,140,0.95625,0.8771929824561403,0,1.0,57,0.5928571428571429
64,1.0,140,0.84375,0.609375,0,1.0,64,0.5428571428571429
33,1.0,140,0.95,0.7575757575757576,0,1.0,33,0.7642857142857142
52,1.0,140,0.99375,0.9807692307692307,0,1.0,52,0.6285714285714286
1,1.0,140,0.99375,0.0,0,1.0,1,0.9928571428571429
78,1.0,140,0.8375,0.6666666666666666,0,1.0,78,0.44285714285714284
5,1.0,140,0.975,0.2,0,1.0,5,0.9642857142857143
18,1.0,140,0.98125,0.8333333333333334,0,1.0,18,0.8714285714285714
56,1.0,140,1.0,1.0,0,1.0,56,0.6
47,1.0,140,0.95625,0.851063829787234,0,1.0,47,0.6642857142857144
84,1.0,140,0.83125,0.6785714285714286,0,1.0,84,0.4
28,1.0,140,1.0,1.0,0,1.0,28,0.8
57,1.0,140,0.95,0.8596491228070176,0,1.0,57,0.5928571428571429
29,1.0,140,0.99375,0.9655172413793104,0,1.0,29,0.7928571428571428
62,1.0,140,0.9875,0.967741935483871,0,1.0,62,0.5571428571428572
57,1.0,140,0.8625,0.6140350877192983,0,1.0,57,0.5928571428571429
15,1.0,140,0.94375,0.4,0,1.0,15,0.8928571428571429
50,1.0,140,0.925,0.76,0,1.0,50,0.6428571428571428
44,1.0,140,0.8,0.2727272727272727,0,1.0,44,0.6857142857142857
66,1.0,140,0.8125,0.5454545454545454,0,1.0,66,0.5285714285714286
17,1.0,140,0.95625,0.5882352941176471,0,1.0,17,0.8785714285714286
51,1.0,140,0.81875,0.43137254901960786,0,1.0,51,0.6357142857142857
69,1.0,140,0.75625,0.43478260869565216,0,1.0,69,0.5071428571428571
30,1.0,140,0.9375,0.6666666666666666,0,1.0,30,0.7857142857142857
12,1.0,140,0.94375,0.25,0,1.0,12,0.9142857142857143
75,1.0,140,0.9125,0.8133333333333334,0,1.0,75,0.4642857142857143
66,1.0,140,0.89375,0.7424242424242424,0,1.0,66,0.5285714285714286
90,1.0,140,0.73125,0.5222222222222223,0,1.0,90,0.3571428571428571
17,1.0,140,0.98125,0.8235294117647058,0,1.0,17,0.8785714285714286
17,1.0,140,0.975,0.7647058823529411,0,1.0,17,0.8785714285714286
92,1.0,140,0.69375,0.4673913043478261,0,1.0,92,0.34285714285714286
78,1.0,140,0.85625,0.7051282051282052,0,1.0,78,0.44285714285714284
71,1.0,140,0.9,0.7746478873239436,0,1.0,71,0.4928571428571429
54,1.0,140,0.81875,0.46296296296296297,0,1.0,54,0.6142857142857143
52,1.0,140,0.89375,0.6730769230769231,0,1.0,52,0.6285714285714286
17,1.0,140,0.9875,0.8823529411764706,0,1.0,17,0.8785714285714286
48,1.0,140,0.81875,0.3958333333333333,0,1.0,48,0.6571428571428571
84,1.0,140,0.8,0.6190476190476191,0,1.0,84,0.4
56,1.0,140,0.85,0.5714285714285714,0,1.0,56,0.6
54,1.0,140,0.9875,0.9629629629629629,0,1.0,54,0.6142857142857143
34,1.0,140,0.98125,0.9117647058823529,0,1.0,34,0.7571428571428571
72,1.0,140,0.95,0.8888888888888888,0,1.0,72,0.48571428571428577
27,1.0,140,0.93125,0.5925925925925926,0,1.0,27,0.8071428571428572
13,1.0,140,0.975,0.6923076923076923,0,1.0,13,0.9071428571428571
34,1.0,140,0.9375,0.7058823529411765,0,1.0,34,0.7571428571428571
68,1.0,140,0.95,0.8823529411764706,0,1.0,68,0.5142857142857142
73,1.0,140,0.8,0.5616438356164384,0,1.0,73,0.47857142857142854
8,1.0,140,0.95625,0.125,0,1.0,8,0.9428571428571428
57,1.0,140,0.84375,0.5614035087719298,0,1.0,57,0.5928571428571429
11,1.0,140,0.99375,0.9090909090909091,0,1.0,11,0.9214285714285715
49,1.0,140,0.86875,0.5714285714285714,0,1.0,49,0.65
43,1.0,140,0.975,0.9069767441860465,0,1.0,43,0.6928571428571428
49,1.0,140,0.96875,0.8979591836734694,0,1.0,49,0.65
39,1.0,140,0.95625,0.8205128205128205,0,1.0,39,0.7214285714285714
90,1.0,140,0.79375,0.6333333333333333,0,1.0,90,0.3571428571428571
22,1.0,140,0.9125,0.36363636363636365,0,1.0,22,0.8428571428571429
7,1.0,140,0.98125,0.5714285714285714,0,1.0,7,0.95
2,1.0,140,1.0,1.0,0,1.0,2,0.9857142857142858
48,1.0,140,0.85625,0.5208333333333334,0,1.0,48,0.6571428571428571
72,1.0,140,0.73125,0.4027777777777778,0,1.0,72,0.48571428571428577
77,1.0,140,0.925,0.8441558441558441,0,1.0,77,0.44999999999999996
78,1.0,140,0.83125,0.6538461538461539,0,1.0,78,0.44285714285714284
81,1.0,140,0.90625,0.8148148148148148,0,1.0,81,0.4214285714285714
55,1.0,140,0.9125,0.7454545454545455,0,1.0,55,0.6071428571428572
47,1.0,140,0.8875,0.6170212765957447,0,1.0,47,0.6642857142857144
11,1.0,140,0.95625,0.36363636363636365,0,1.0,11,0.9214285714285715
16,1.0,140,0.95625,0.5625,0,1.0,16,0.8857142857142857
47,1.0,140,0.88125,0.5957446808510638,0,1.0,47,0.6642857142857144
69,1.0,140,0.875,0.7101449275362319,0,1.0,69,0.5071428571428571
63,1.0,140,0.91875,0.7936507936507936,0,1.0,63,0.55
5,1.0,140,0.99375,0.8,0,1.0,5,0.9642857142857143
7,1.0,140,1.0,1.0,0,1.0,7,0.95
53,1.0,140,0.86875,0.6037735849056604,0,1.0,53,0.6214285714285714
3,1.0,140,0.9875,0.3333333333333333,0,1.0,3,0.9785714285714285
75,1.0,140,0.9125,0.8133333333333334,0,1.0,75,0.4642857142857143
61,1.0,140,0.9625,0.9016393442622951,0,1.0,61,0.5642857142857143
22,1.0,140,0.98125,0.8636363636363636,0,1.0,22,0.8428571428571429
25,1.0,140,0.9125,0.44,0,1.0,25,0.8214285714285714
84,1.0,140,0.75625,0.5357142857142857,0,1.0,84,0.4
71,1.0,140,0.8,0.5492957746478874,0,1.0,71,0.4928571428571429
52,1.0,140,0.91875,0.75,0,1.0,52,0.6285714285714286
11,1.0,140,0.98125,0.7272727272727273,0,1.0,11,0.9214285714285715
18,1.0,140,0.9875,0.8888888888888888,0,1.0,18,0.8714285714285714
66,1.0,140,0.7875,0.48484848484848486,0,1.0,66,0.5285714285714286
39,1.0,140,0.9375,0.7435897435897436,0,1.0,39,0.7214285714285714
24,1.0,140,0.98125,0.875,0,1.0,24,0.8285714285714285
68,1.0,140,0.7875,0.5,0,1.0,68,0.5142857142857142
1,1.0,140,1.0,1.0,0,1.0,1,0.9928571428571429
35,1.0,140,0.9375,0.7142857142857143,0,1.0,35,0.75
44,1.0,140,0.96875,0.8863636363636364,0,1.0,44,0.6857142857142857
65,1.0,140,0.8625,0.6615384615384615,0,1.0,65,0.5357142857142857
54,1.0,140,0.925,0.7777777777777778,0,1.0,54,0.6142857142857143
52,1.0,140,0.9125,0.7307692307692307,0,1.0,52,0.6285714285714286
55,1.0,140,0.94375,0.8363636363636363,0,1.0,55,0.6071428571428572
36,1.0,140,0.98125,0.9166666666666666,0,1.0,36,0.7428571428571429
39,1.0,140,0.9,0.5897435897435898,0,1.0,39,0.7214285714285714
107,1.0,140,0.8875,0.8317757009345794,0,1.0,107,0.23571428571428577
52,1.0,140,0.9375,0.8076923076923077,0,1.0,52,0.6285714285714286
27,1.0,140,0.9625,0.7777777777777778,0,1.0,27,0.8071428571428572
36,1.0,140,0.94375,0.75,0,1.0,36,0.7428571428571429
24,1.0,140,0.96875,0.7916666666666666,0,1.0,24,0.8285714285714285
43,1.0,140,0.8375,0.3953488372093023,0,1.0,43,0.6928571428571428
41,1.0,140,0.98125,0.926829268292683,0,1.0,41,0.7071428571428571
14,1.0,140,0.98125,0.7857142857142857,0,1.0,14,0.9
19,1.0,140,0.96875,0.7368421052631579,0,1.0,19,0.8642857142857143
90,1.0,140,0.99375,0.9888888888888889,0,1.0,90,0.3571428571428571
86,1.0,140,0.7625,0.5581395348837209,0,1.0,86,0.3857142857142857
113,1.0,140,0.85,0.7876106194690266,0,1.0,113,0.19285714285714284
68,1.0,140,0.95,0.8823529411764706,0,1.0,68,0.5142857142857142
51,1.0,140,0.95,0.8431372549019608,0,1.0,51,0.6357142857142857
87,1.0,140,0.75625,0.5517241379310345,0,1.0,87,0.37857142857142856
73,1.0,140,0.78125,0.5205479452054794,0,1.0,73,0.47857142857142854
33,1.0,140,0.9875,0.9393939393939394,0,1.0,33,0.7642857142857142
29,1.0,140,0.95,0.7241379310344828,0,1.0,29,0.7928571428571428
73,1.0,140,0.9625,0.9178082191780822,0,1.0,73,0.47857142857142854
65,1.0,140,0.94375,0.8615384615384616,0,1.0,65,0.5357142857142857
66,1.0,140,0.9375,0.8484848484848485,0,1.0,66,0.5285714285714286
94,1.0,140,0.725,0.5319148936170213,0,1.0,94,0.3285714285714286
63,1.0,140,0.93125,0.8253968253968254,0,1.0,63,0.55
7,1.0,140,0.95625,0.0,0,1.0,7,0.95
63,1.0,140,0.8875,0.7142857142857143,0,1.0,63,0.55
76,1.0,140,0.90625,0.8026315789473685,0,1.0,76,0.4571428571428572
58,1.0,140,0.95,0.8620689655172413,0,1.0,58,0.5857142857142856
53,1.0,140,0.95625,0.8679245283018868,0,1.0,53,0.6214285714285714
97,1.0,140,0.96875,0.9484536082474226,0,1.0,97,0.30714285714285716
8,1.0,140,0.98125,0.625,0,1.0,8,0.9428571428571428
63,1.0,140,0.9875,0.9682539682539683,0,1.0,63,0.55
50,1.0,140,0.975,0.92,0,1.0,50,0.6428571428571428
50,1.0,140,0.88125,0.62,0,1.0,50,0.6428571428571428
6,1.0,140,0.99375,0.8333333333333334,0,1.0,6,0.9571428571428572
29,1.0,140,0.9375,0.6551724137931034,0,1.0,29,0.7928571428571428
49,1.0,140,0.8875,0.6326530612244898,0,1.0,49,0.65
60,1.0,140,0.99375,0.9833333333333333,0,1.0,60,0.5714285714285714
28,1.0,140,0.96875,0.8214285714285714,0,1.0,28,0.8
21,1.0,140,0.98125,0.8571428571428571,0,1.0,21,0.85
28,1.0,140,0.99375,0.9642857142857143,0,1.0,28,0.8
9,1.0,140,0.95625,0.2222222222222222,0,1.0,9,0.9357142857142857
42,1.0,140,0.975,0.9047619047619048,0,1.0,42,0.7
70,1.0,140,0.79375,0.5285714285714286,0,1.0,70,0.5
12,1.0,140,0.9875,0.8333333333333334,0,1.0,12,0.9142857142857143
34,1.0,140,0.93125,0.6764705882352942,0,1.0,34,0.7571428571428571
82,1.0,140,0.90625,0.8170731707317073,0,1.0,82,0.41428571428571426
45,1.0,140,0.88125,0.5777777777777777,0,1.0,45,0.6785714285714286
9,1.0,140,0.975,0.5555555555555556,0,1.0,9,0.9357142857142857
59,1.0,140,0.94375,0.847457627118644,0,1.0,59,0.5785714285714285
23,1.0,140,0.9625,0.7391304347826086,0,1.0,23,0.8357142857142857
76,1.0,140,0.78125,0.5394736842105263,0,1.0,76,0.4571428571428572
21,1.0,140,0.9875,0.9047619047619048,0,1.0,21,0.85
35,1.0,140,0.9125,0.6,0,1.0,35,0.75
26,1.0,140,0.9375,0.6153846153846154,0,1.0,26,0.8142857142857143
44,1.0,140,0.9,0.6363636363636364,0,1.0,44,0.6857142857142857
73,1.0,140,0.85625,0.684931506849315,0,1.0,73,0.47857142857142854
68,1.0,140,0.8125,0.5588235294117647,0,1.0,68,0.5142857142857142
64,1.0,140,0.88125,0.703125,0,1.0,64,0.5428571428571429
21,1.0,140,0.91875,0.38095238095238093,0,1.0,21,0.85
16,1.0,140,0.99375,0.9375,0,1.0,16,0.8857142857142857
35,1.0,140,0.8625,0.37142857142857144,0,1.0,35,0.75
50,1.0,140,0.875,0.6,0,1.0,50,0.6428571428571428
48,1.0,140,0.9125,0.7083333333333334,0,1.0,48,0.6571428571428571
45,1.0,140,0.98125,0.9333333333333333,0,1.0,45,0.6785714285714286
53,1.0,140,0.95,0.8490566037735849,0,1.0,53,0.6214285714285714
74,1.0,140,0.86875,0.7162162162162162,0,1.0,74,0.4714285714285714
36,1.0,140,0.95,0.7777777777777778,0,1.0,36,0.7428571428571429
16,1.0,140,0.94375,0.4375,0,1.0,16,0.8857142857142857
62,1.0,140,0.9,0.7419354838709677,0,1.0,62,0.5571428571428572
69,1.0,140,0.9375,0.855072463768116,0,1.0,69,0.5071428571428571
63,1.0,140,0.9375,0.8412698412698413,0,1.0,63,0.55
59,1.0,140,0.85,0.5932203389830508,0,1.0,59,0.5785714285714285
5,1.0,140,0.99375,0.8,0,1.0,5,0.9642857142857143
14,1.0,140,0.95,0.42857142857142855,0,1.0,14,0.9
85,1.0,140,0.925,0.8588235294117647,0,1.0,85,0.3928571428571429
35,1.0,140,0.85,0.3142857142857143,0,1.0,35,0.75
48,1.0,140,0.86875,0.5625,0,1.0,48,0.6571428571428571
35,1.0,140,0.96875,0.8571428571428571,0,1.0,35,0.75
50,1.0,140,1.0,1.0,0,1.0,50,0.6428571428571428
48,1.0,140,0.91875,0.7291666666666666,0,1.0,48,0.6571428571428571
41,1.0,140,0.88125,0.5365853658536586,0,1.0,41,0.7071428571428571
64,1.0,140,0.94375,0.859375,0,1.0,64,0.5428571428571429
75,1.0,140,0.875,0.7333333333333333,0,1.0,75,0.4642857142857143
52,1.0,140,0.825,0.46153846153846156,0,1.0,52,0.6285714285714286
63,1.0,140,0.95625,0.8888888888888888,0,1.0,63,0.55
23,1.0,140,0.95625,0.6956521739130435,0,1.0,23,0.8357142857142857
40,1.0,140,0.89375,0.575,0,1.0,40,0.7142857142857143
56,1.0,140,0.825,0.5,0,1.0,56,0.6
73,1.0,140,0.81875,0.6027397260273972,0,1.0,73,0.47857142857142854
6,1.0,140,0.98125,0.5,0,1.0,6,0.9571428571428572
20,1.0,140,0.93125,0.45,0,1.0,20,0.8571428571428572
23,1.0,140,0.9375,0.5652173913043478,0,1.0,23,0.8357142857142857
28,1.0,140,0.95,0.7142857142857143,0,1.0,28,0.8
64,1.0,140,0.84375,0.609375,0,1.0,64,0.5428571428571429
