p_miss,p_false,Final_accuracy,Affected_accuracy,Invalidation_recall,Invalidation_precision,Recompute_nodes,Savings_vs_full,Missed_dependents,Collateral_invalidations,Exact_repair_rate
0.0,0.0,1.0,1.0,1.0,1.0,42.19375,0.7295272435897436,0.0,0.0,1.0
0.0,0.02,1.0,1.0,1.0,0.9712019562007411,43.43125,0.7215945512820513,0.0,1.2375,1.0
0.0,0.05,1.0,1.0,1.0,0.922222046289904,45.68125,0.7071714743589743,0.0,3.4875,1.0
0.0,0.1,1.0,1.0,1.0,0.8618538986340232,48.775,0.6873397435897436,0.0,6.58125,1.0
0.0,0.2,1.0,1.0,1.0,0.7510082408129981,56.025,0.6408653846153846,0.0,13.83125,1.0
0.0,0.4,1.0,1.0,1.0,0.5757585237335865,70.84375,0.5458733974358975,0.0,28.65,1.0
0.01,0.0,0.9986458333333333,0.9947349130857891,0.9791866035330299,1.0,41.20625,0.7358573717948718,0.9875,0.0,0.91875
0.01,0.02,0.9986458333333333,0.9947349130857891,0.9791866035330299,0.9704550419978046,42.425,0.7280448717948718,0.9875,1.21875,0.91875
0.01,0.05,0.9986458333333333,0.9947349130857891,0.9794298952941789,0.9225110117501287,44.6375,0.7138621794871794,0.975,3.41875,0.91875
0.01,0.1,0.9987152777777778,0.994934622599224,0.9808844619100979,0.8620873063606137,47.74375,0.6939503205128206,0.90625,6.45625,0.93125
0.01,0.2,0.9987152777777778,0.994934622599224,0.9852119884288015,0.7516657989023268,55.06875,0.6469951923076923,0.7,13.575,0.93125
0.01,0.4,0.9987152777777778,0.994934622599224,0.9872306189566151,0.5759580106698275,69.84375,0.5522836538461539,0.5875,28.2375,0.93125
0.02,0.0,0.9971180555555555,0.9868425831081943,0.9522786805605854,1.0,40.04375,0.7433092948717949,2.15,0.0,0.81875
0.02,0.02,0.9971180555555555,0.9868425831081943,0.9522786805605854,0.9700679840240498,41.25,0.7355769230769231,2.15,1.20625,0.81875
0.02,0.05,0.9971180555555555,0.9868425831081943,0.9543145070439565,0.9220503086619075,43.50625,0.7211137820512821,2.0625,3.375,0.81875
0.02,0.1,0.9972222222222221,0.9871752713450336,0.958328538865022,0.8640209638611562,46.6125,0.7012019230769231,1.875,6.29375,0.8375
0.02,0.2,0.9972916666666667,0.9875784971514852,0.9645193816581002,0.7513483583458547,53.94375,0.6542067307692307,1.58125,13.33125,0.84375
0.02,0.4,0.9973958333333334,0.9881969034814085,0.9718036227731981,0.5758962678280137,68.8125,0.5588942307692307,1.25625,27.875,0.8625
0.05,0.0,0.9933333333333334,0.9677251494381016,0.8902112830486987,1.0,37.50625,0.7595753205128205,4.6875,0.0,0.6625
0.05,0.02,0.9933333333333334,0.9677251494381016,0.8912608411295067,0.9701747213354578,38.73125,0.7517227564102564,4.625,1.1625,0.6625
0.05,0.05,0.9933333333333334,0.9677251494381016,0.8939740666027769,0.9254765955945894,40.74375,0.7388221153846154,4.50625,3.05625,0.6625
0.05,0.1,0.9936458333333332,0.9688294426132125,0.9005527514888353,0.8657884463841066,43.90625,0.7185496794871795,4.16875,5.88125,0.66875
0.05,0.2,0.9938194444444445,0.9696484447729403,0.9115601753358481,0.7542818920072935,51.14375,0.6721554487179487,3.59375,12.54375,0.6875
0.05,0.4,0.9940972222222222,0.9709811751476671,0.9344133087959987,0.574333262597977,66.4125,0.5742788461538462,2.675,26.89375,0.71875
0.1,0.0,0.9875694444444445,0.9449522791709823,0.7907047428651417,1.0,33.09375,0.7878605769230769,9.1,0.0,0.4875
0.1,0.02,0.9876388888888888,0.9451705441377228,0.7949793767306812,0.9707328362011767,34.3875,0.7795673076923076,8.84375,1.0375,0.49375
0.1,0.05,0.9876388888888888,0.9451705441377228,0.800552323808418,0.9289100423093778,36.34375,0.7670272435897436,8.5625,2.7125,0.49375
0.1,0.1,0.9879861111111111,0.9464002771742546,0.8096083186247942,0.8698657734946609,39.3,0.7480769230769231,8.1,5.20625,0.49375
0.1,0.2,0.9881944444444445,0.947209826421304,0.8293800267702103,0.7602694481079472,46.325,0.7030448717948719,7.0875,11.21875,0.5125
0.1,0.4,0.9885763888888889,0.9490064347055608,0.8664086343000207,0.5776498992570479,61.63125,0.6049278846153846,5.45,24.8875,0.54375
0.2,0.0,0.9772222222222222,0.8905473325413389,0.5750770034078394,0.99375,23.48125,0.8494791666666666,18.7125,0.0,0.25
0.2,0.02,0.977326388888889,0.8908457257132077,0.5828982132326307,0.959978116999093,24.76875,0.8412259615384615,18.3,0.875,0.25
0.2,0.05,0.977361111111111,0.8909313421515639,0.5885855218492017,0.9189711664223864,26.2375,0.8318108974358974,18.0,2.04375,0.25
0.2,0.1,0.9776041666666666,0.8918264370910753,0.6011310633589201,0.8607130663406339,28.69375,0.8160657051282051,17.4,3.9,0.25
0.2,0.2,0.9780902777777778,0.8942463580147745,0.6312310147669807,0.7514000070569904,35.025,0.7754807692307693,15.95625,8.7875,0.2625
0.2,0.4,0.9786111111111111,0.8969097915919491,0.6949385333848098,0.5760869422983645,49.40625,0.6832932692307693,13.025,20.2375,0.275
0.3,0.0,0.9675694444444444,0.8414895403598198,0.39292566921970695,0.98125,15.8625,0.8983173076923077,26.33125,0.0,0.14375
0.3,0.02,0.9676041666666666,0.8416315858143651,0.3990061254214609,0.9503391321381324,16.78125,0.8924278846153847,26.01875,0.60625,0.14375
0.3,0.05,0.9676388888888889,0.8417172022527213,0.40544269987589565,0.9062539221210615,18.0125,0.8845352564102564,25.66875,1.4875,0.14375
0.3,0.1,0.9677430555555556,0.8419970399712845,0.4179154794767349,0.8511307929654052,20.0375,0.8715544871794872,25.05625,2.9,0.14375
0.3,0.2,0.9682986111111112,0.8442764259284494,0.45338480173996143,0.7430509079535705,25.6125,0.8358173076923077,23.31875,6.7375,0.15
0.3,0.4,0.9687847222222222,0.8472549871596831,0.5276317376033373,0.5807702546050113,38.65,0.7522435897435897,19.775,16.23125,0.1625
0.4,0.0,0.9581250000000001,0.7952524481378732,0.27172825809638973,0.95625,10.8,0.9307692307692308,31.39375,0.0,0.09375
0.4,0.02,0.9581250000000001,0.7952524481378732,0.27629287990802964,0.9286492200192983,11.44375,0.9266426282051283,31.1625,0.4125,0.09375
0.4,0.05,0.9581597222222221,0.795358380341263,0.2801927824376829,0.8934331068978546,12.2,0.9217948717948717,30.9625,0.96875,0.09375
0.4,0.1,0.9582638888888889,0.7955928295340455,0.2910436788246965,0.837412892414037,13.84375,0.9112580128205128,30.44375,2.09375,0.09375
0.4,0.2,0.9586458333333333,0.79714109653655,0.31958625693219844,0.7303867478820278,18.18125,0.8834535256410257,28.98125,4.96875,0.09375
0.4,0.4,0.9589236111111111,0.8056626012238011,0.40045154120098936,0.5781825434921537,29.25625,0.8124599358974359,25.4875,12.55,0.1125
