Extractor_quality,Gate_mode,Threshold,Final_accuracy,Affected_accuracy,Invalidation_recall,Invalidation_precision,Recompute_nodes,Savings_vs_full,Exact_repair_rate,Collateral_invalidations,Utility
0.6,probability,0.1,1.0,1.0,1.0,0.6006717499731339,54.81428571428572,0.6084693877551021,1.0,19.428571428571427,0.9216938775510204
0.6,probability,0.2,1.0,1.0,1.0,0.6495419606056583,50.957142857142856,0.6360204081632653,1.0,15.571428571428571,0.9272040816326531
0.6,probability,0.3,0.996517857142857,0.9801169604069281,0.9521049813380086,0.7091729083690944,43.9,0.6864285714285714,0.8285714285714286,10.928571428571429,0.9174026746926424
0.6,probability,0.4,0.9909821428571429,0.9589331715415359,0.8881937059153125,0.8161720772253082,36.714285714285715,0.7377551020408164,0.6142857142857143,6.4,0.9064841919496992
0.6,probability,0.5,0.9793750000000001,0.9109598116061889,0.6774339224216129,0.859529354122096,25.771428571428572,0.8159183673469388,0.34285714285714286,2.9714285714285715,0.8741434850755766
0.6,probability,0.6,0.9647321428571428,0.8347034495096484,0.41191812643161724,0.8798651711796138,14.142857142857142,0.8989795918367347,0.2,0.8285714285714286,0.8144993678769953
0.6,probability,0.7,0.9482142857142857,0.7434031413952216,0.16850022477228815,0.8144139194139194,5.485714285714286,0.9608163265306122,0.11428571428571428,0.12857142857142856,0.735566406701344
0.6,probability,0.8,0.9386607142857143,0.6939498010081051,0.04700158938775879,0.5642857142857143,1.3285714285714285,0.9905102040816327,0.07142857142857142,0.014285714285714285,0.6920518418244317
0.6,probability,0.9,0.9351785714285715,0.6680178722746143,0.004895498118429534,0.15714285714285714,0.2,0.9985714285714287,0.05714285714285714,0.0,0.6677321579889001
0.6,risk-weighted,0.1,1.0,1.0,1.0,0.628902136197839,52.84285714285714,0.6225510204081632,1.0,17.457142857142856,0.9245102040816326
0.6,risk-weighted,0.2,0.994107142857143,0.9707209754348634,0.9427922834262195,0.7464520660762224,42.41428571428571,0.6970408163265306,0.7,9.371428571428572,0.9101291387001694
0.6,risk-weighted,0.3,0.9816071428571429,0.9117226030599387,0.7005954168853326,0.8904148555475627,26.985714285714284,0.8072448979591837,0.2714285714285714,2.742857142857143,0.8731715826517754
0.6,risk-weighted,0.4,0.9577678571428572,0.7864450658148439,0.26096376528609344,0.8094708267922553,10.128571428571428,0.9276530612244898,0.1,0.6142857142857143,0.7719756780597418
0.6,risk-weighted,0.5,0.9418750000000001,0.6962188278434013,0.05168979420841566,0.6670686456400743,2.1714285714285713,0.9844897959183673,0.05714285714285714,0.1,0.6931167870270747
0.6,risk-weighted,0.6,0.9359821428571428,0.669603850517937,0.007807891495881525,0.22857142857142856,0.42857142857142855,0.9969387755102042,0.05714285714285714,0.0,0.6689916056199778
0.6,risk-weighted,0.7,0.9347321428571429,0.6662319213764171,0.0017614957393580707,0.08571428571428572,0.1,0.9992857142857143,0.05714285714285714,0.0,0.66608906423356
0.6,risk-weighted,0.8,0.934375,0.6650217110863037,0.0002915451895043732,0.014285714285714285,0.02857142857142857,0.9997959183673468,0.05714285714285714,0.0,0.6649808947597731
0.6,risk-weighted,0.9,0.9342857142857144,0.6648759384915515,0.0,0.0,0.0,1.0,0.05714285714285714,0.0,0.6648759384915515
0.7,probability,0.1,1.0,1.0,1.0,0.5810709360514276,57.57142857142857,0.5887755102040817,1.0,22.185714285714287,0.9177551020408163
0.7,probability,0.2,1.0,1.0,1.0,0.6477867419818472,52.31428571428572,0.6263265306122449,1.0,16.928571428571427,0.925265306122449
0.7,probability,0.3,0.9997321428571428,0.9971853741496598,0.9906695309702828,0.733888556443823,46.07142857142857,0.6709183673469388,0.9571428571428572,11.057142857142857,0.9313690476190476
0.7,probability,0.4,0.9956249999999999,0.9778679947266905,0.9352280257008428,0.8498474168186361,38.08571428571429,0.7279591836734693,0.7714285714285715,5.357142857142857,0.9234598314613843
0.7,probability,0.5,0.9875892857142856,0.9426714386593653,0.7741277323275669,0.9173399475189482,29.3,0.7907142857142857,0.5571428571428572,1.8571428571428572,0.9008142958022225
0.7,probability,0.6,0.9716964285714286,0.8501330790498168,0.48918715247015115,0.9205501735295424,17.285714285714285,0.8765306122448979,0.24285714285714285,0.4,0.8254392014987965
0.7,probability,0.7,0.9535714285714286,0.7609926685171086,0.23701401081835732,0.8665532879818594,7.9714285714285715,0.943061224489796,0.14285714285714285,0.04285714285714286,0.7496049134150677
0.7,probability,0.8,0.9425892857142858,0.7041529170499429,0.08308331198881985,0.7285714285714285,2.4714285714285715,0.9823469387755103,0.08571428571428572,0.0,0.700622304805045
0.7,probability,0.9,0.935625,0.670834399691297,0.012003206293129723,0.3142857142857143,0.34285714285714286,0.9975510204081631,0.05714285714285714,0.0,0.6703446037729296
0.7,risk-weighted,0.1,1.0,1.0,1.0,0.6147739143952283,54.614285714285714,0.6098979591836735,1.0,19.228571428571428,0.9219795918367347
0.7,risk-weighted,0.2,0.9989285714285714,0.9945462899764141,0.9802687904639522,0.7644099558078891,44.0,0.6857142857142857,0.8857142857142857,9.314285714285715,0.9316891471192713
0.7,risk-weighted,0.3,0.9860714285714286,0.928513115709833,0.7661308055568381,0.8959195842666182,30.3,0.7835714285714286,0.38571428571428573,2.8714285714285714,0.8852274014241187
0.7,risk-weighted,0.4,0.9630357142857142,0.7991646484721872,0.35097065156788443,0.8653748473748474,13.728571428571428,0.9019387755102041,0.11428571428571428,0.3142857142857143,0.779552403574228
0.7,risk-weighted,0.5,0.9429464285714285,0.7026050521552819,0.07056802431749643,0.6514285714285715,2.7142857142857144,0.9806122448979592,0.05714285714285714,0.02857142857142857,0.6987275011348737
0.7,risk-weighted,0.6,0.9375892857142857,0.677006235102571,0.01574514530770937,0.38571428571428573,0.6857142857142857,0.9951020408163266,0.05714285714285714,0.0,0.6760266432658363
0.7,risk-weighted,0.7,0.9346428571428571,0.6659033398721479,0.0013999313449631528,0.08571428571428572,0.08571428571428572,0.9993877551020408,0.05714285714285714,0.0,0.6657808908925561
0.7,risk-weighted,0.8,0.934375,0.6652160745459733,0.0004859086491739552,0.02857142857142857,0.02857142857142857,0.9997959183673468,0.05714285714285714,0.0,0.6651752582194427
0.7,risk-weighted,0.9,0.9342857142857144,0.6648759384915515,0.0001457725947521866,0.014285714285714285,0.014285714285714285,0.9998979591836735,0.05714285714285714,0.0,0.6648555303282861
0.8,probability,0.1,1.0,1.0,1.0,0.5786782025085084,56.2,0.5985714285714285,1.0,20.814285714285713,0.9197142857142857
0.8,probability,0.2,1.0,1.0,1.0,0.6815914036466992,49.0,0.65,1.0,13.614285714285714,0.93
0.8,probability,0.3,1.0,1.0,0.9991521164021163,0.7804129717015157,43.94285714285714,0.6861224489795918,1.0,8.6,0.9372244897959183
0.8,probability,0.4,0.9960714285714285,0.9850340824223376,0.9541006541460935,0.8880033305012134,37.31428571428572,0.7334693877551021,0.8857142857142857,3.8142857142857145,0.931727959973358
0.8,probability,0.5,0.9911607142857142,0.9593352863174356,0.8584075070211059,0.9639278020463065,30.928571428571427,0.7790816326530612,0.7,1.1428571428571428,0.9151516128480478
0.8,probability,0.6,0.978125,0.9059146894191175,0.6503311110308662,0.9573211347580186,22.957142857142856,0.8360204081632653,0.4142857142857143,0.38571428571428573,0.8731187710517705
0.8,probability,0.7,0.9606250000000001,0.8024625609814388,0.3660048743272162,0.9424812030075188,12.1,0.9135714285714286,0.17142857142857143,0.014285714285714285,0.7851768466957245
0.8,probability,0.8,0.9449107142857143,0.7144228351524459,0.1262248767210631,0.7857142857142857,3.5428571428571427,0.9746938775510204,0.08571428571428572,0.0,0.7093616106626499
0.8,probability,0.9,0.9362499999999999,0.6733880853438144,0.01675375469803451,0.34285714285714286,0.4714285714285714,0.9966326530612246,0.05714285714285714,0.0,0.6727146159560594
0.8,risk-weighted,0.1,1.0,1.0,1.0,0.6281342030439194,52.82857142857143,0.6226530612244898,1.0,17.442857142857143,0.924530612244898
0.8,risk-weighted,0.2,0.9999107142857143,0.9992857142857143,0.9979843159486017,0.8146339268145067,42.55714285714286,0.6960204081632653,0.9857142857142858,7.257142857142857,0.9384897959183673
0.8,risk-weighted,0.3,0.9891964285714286,0.9494980865667433,0.8347788492235712,0.9506069220147944,31.457142857142856,0.7753061224489796,0.5571428571428572,2.0,0.9045593110565392
0.8,risk-weighted,0.4,0.9697321428571428,0.8396862646349053,0.4533518083162986,0.9427421385550266,16.2,0.8842857142857142,0.15714285714285714,0.21428571428571427,0.8165434074920481
0.8,risk-weighted,0.5,0.9443750000000001,0.7056077668218849,0.0983391867537003,0.7571428571428571,4.142857142857143,0.9704081632653061,0.05714285714285714,0.0,0.6996893994749461
0.8,risk-weighted,0.6,0.9383035714285715,0.6787173791174321,0.023938324822514616,0.4714285714285714,1.0571428571428572,0.9924489795918368,0.05714285714285714,0.0,0.6772071750357995
0.8,risk-weighted,0.7,0.935,0.666763367725373,0.003062529509233172,0.15714285714285714,0.2,0.9985714285714287,0.05714285714285714,0.0,0.6664776534396588
0.8,risk-weighted,0.8,0.9342857142857144,0.6648759384915515,0.0001457725947521866,0.014285714285714285,0.014285714285714285,0.9998979591836735,0.05714285714285714,0.0,0.6648555303282861
0.8,risk-weighted,0.9,0.9342857142857144,0.6648759384915515,0.0001457725947521866,0.014285714285714285,0.014285714285714285,0.9998979591836735,0.05714285714285714,0.0,0.6648555303282861
0.9,probability,0.1,1.0,1.0,1.0,0.6177661354736556,53.871428571428574,0.615204081632653,1.0,18.485714285714284,0.9230408163265306
0.9,probability,0.2,1.0,1.0,1.0,0.7125134343320252,47.32857142857143,0.6619387755102041,1.0,11.942857142857143,0.9323877551020409
0.9,probability,0.3,1.0,1.0,0.9994897959183673,0.8550578514932776,40.957142857142856,0.7074489795918367,1.0,5.585714285714285,0.9414897959183673
0.9,probability,0.4,0.9990178571428572,0.9896490606168026,0.981093525863111,0.9245038028937301,37.57142857142857,0.7316326530612245,0.9714285714285714,2.4857142857142858,0.9359755912290475
0.9,probability,0.5,0.9945535714285715,0.9710497451495655,0.9086625499045212,0.9533223628138351,32.74285714285714,0.7661224489795918,0.8,1.0571428571428572,0.9242742349454839
0.9,probability,0.6,0.9893749999999999,0.947249628469986,0.7624839229247936,0.978314402587152,26.728571428571428,0.8090816326530612,0.5571428571428572,0.1,0.9090659550005982
0.9,probability,0.7,0.9698214285714286,0.8594052723504003,0.4905620678662894,0.9794566544566544,15.985714285714286,0.8858163265306123,0.24285714285714285,0.05714285714285714,0.8365685376565227
0.9,probability,0.8,0.9504464285714286,0.7445470316013209,0.17956346799788053,0.8285714285714286,5.514285714285714,0.9606122448979593,0.08571428571428572,0.0,0.7366694805809127
0.9,probability,0.9,0.938125,0.6843706245516835,0.02875614482607297,0.42857142857142855,0.8571428571428571,0.9938775510204081,0.05714285714285714,0.0,0.6831461347557651
0.9,risk-weighted,0.1,1.0,1.0,1.0,0.676071080024063,49.857142857142854,0.6438775510204081,1.0,14.471428571428572,0.9287755102040817
0.9,risk-weighted,0.2,1.0,1.0,0.9972531436817151,0.8705384681908428,40.51428571428571,0.7106122448979592,1.0,5.171428571428572,0.9421224489795919
0.9,risk-weighted,0.3,0.9950892857142857,0.9695204043739551,0.898914677239334,0.9605200015248262,32.871428571428574,0.7652040816326531,0.7285714285714285,0.8714285714285714,0.9225612207004857
0.9,risk-weighted,0.4,0.9782142857142856,0.881916411214206,0.5823970305542806,0.972539694348205,20.62857142857143,0.8526530612244898,0.17142857142857143,0.15714285714285714,0.8524470234591041
0.9,risk-weighted,0.5,0.9492857142857143,0.7344923761343214,0.12851823305139862,0.7928571428571428,5.1,0.9635714285714286,0.07142857142857142,0.014285714285714285,0.7272066618486072
0.9,risk-weighted,0.6,0.9389285714285713,0.6829087366427002,0.02955205858959611,0.4857142857142857,1.3,0.9907142857142857,0.05714285714285714,0.0,0.6810515937855574
0.9,risk-weighted,0.7,0.9353571428571428,0.6689344641940598,0.006580743772406079,0.21428571428571427,0.3,0.9978571428571428,0.05714285714285714,0.0,0.6685058927654883
0.9,risk-weighted,0.8,0.9345535714285714,0.665448530643558,0.0009930900214839878,0.05714285714285714,0.07142857142857142,0.9994897959183673,0.05714285714285714,0.0,0.6653464898272314
0.9,risk-weighted,0.9,0.934375,0.6650217110863037,0.0002915451895043732,0.014285714285714285,0.02857142857142857,0.9997959183673468,0.05714285714285714,0.0,0.6649808947597731
