K bands,Within-band SSE,Explained spectral structure,Marginal gain
2,1659.434274472799,0.31029331900119683,
3,716.9116137745276,0.702031748221535,0.3917384292203382
4,427.64450429525476,0.8222591420208168,0.12022739379928182
5,314.26849553294596,0.869381340176683,0.04712219815586616
6,240.28984836667306,0.9001289075776527,0.030747567400969733
7,169.57131177197286,0.9295214830536045,0.029392575475951754
8,128.45691155484923,0.946609762445699,0.017088279392094563
9,101.43607743407847,0.9578403668184915,0.011230604372792441
10,82.96002302661873,0.9655195249263779,0.007679158107886441
11,69.97087266768212,0.970918174285903,0.005398649359525054
12,60.26429271113833,0.9749524967948823,0.004034322508979282
