representation,K,norm_reconstruction,JS_A_B,JS_A_C,occupancy_B,occupancy_C,selection_score
absolute,3,0.5987211207079912,0.12103131462459277,0.06604063357601321,0.6666666666666666,0.3333333333333333,1.0340250818584455
absolute,4,0.5363456446354627,0.12733828229423172,0.0783659073459182,0.75,0.25,1.0006237868655752
absolute,5,0.49035562934363575,0.2636681186752046,0.07518879464800521,0.8,0.2,1.069498314336043
absolute,6,0.4543922954991421,0.18792783688703427,0.09779365172488293,0.6666666666666666,0.16666666666666666,1.0503500786247468
absolute,7,0.43023169690137,0.18737446951264175,0.13829376838952698,0.5714285714285714,0.2857142857142857,1.0651971610422823
absolute,8,0.4107799688549224,0.20522108809023792,0.1388513369231875,0.625,0.25,1.0700842876149914
absolute,9,0.39121490222635436,0.17897415643698128,0.18254472548979098,0.5555555555555556,0.2222222222222222,1.1029096192269892
absolute,10,0.37902972739677304,0.20050762392391835,0.15849089451643017,0.6,0.2,1.0982786162270344
absolute,11,0.3613777938200061,0.21659562505077667,0.20129552252771588,0.5454545454545454,0.18181818181818182,1.1579779726856938
absolute,12,0.3488787110743534,0.21599815163384292,0.19629010780467102,0.5,0.08333333333333333,1.1922615723199053
absolute,13,0.33692163601757386,0.24354627573418763,0.2035879445006796,0.6153846153846154,0.15384615384615385,1.174964608886032
absolute,14,0.3290469604140011,0.24245395410114184,0.21693594178190173,0.5714285714285714,0.14285714285714285,1.205017953754855
absolute,15,0.32137543155988024,0.23338495731160028,0.21706109283673758,0.4666666666666667,0.06666666666666667,1.2508766358378005
absolute,16,0.31135515034758937,0.2739834867336508,0.22357728238008298,0.5625,0.125,1.2526507271828897
self_discovered_relative,3,0.6596766753962493,0.010816364456365008,0.02729463040549184,1.0,1.0,0.733259921542642
self_discovered_relative,4,0.5962335886268956,0.021332850612940803,0.06717621376700397,1.0,1.0,0.7226153869118541
self_discovered_relative,5,0.5388406149921373,0.03224531558220065,0.09841203102925775,1.0,1.0,0.7118336249507311
self_discovered_relative,6,0.5106327968120332,0.043055842805426514,0.08717329601128615,1.0,1.0,0.6983046509245677
self_discovered_relative,7,0.49332334250597626,0.05432953748280655,0.09402940905149544,1.0,1.0,0.7095925524067027
self_discovered_relative,8,0.46485904634024267,0.04724173869206993,0.10334638700957523,1.0,1.0,0.6978001406164765
self_discovered_relative,9,0.4415966967128987,0.06352441891745127,0.12423384922828447,1.0,1.0,0.7174153978222005
self_discovered_relative,10,0.431778413361012,0.04742977168080312,0.14566936063774558,1.0,1.0,0.7266027625999235
self_discovered_relative,11,0.41262920566089145,0.06810893770659726,0.14261780879939925,1.0,1.0,0.7356742655403887
self_discovered_relative,12,0.4014548647266106,0.06786635203015781,0.15090533372618783,1.0,1.0,0.7455336290438699
self_discovered_relative,13,0.39445402877499874,0.11563497270890147,0.18412419017590104,1.0,1.0,0.8142734009386006
self_discovered_relative,14,0.3782160134600452,0.12062541720770384,0.18897714567966029,1.0,1.0,0.8204179356255682
self_discovered_relative,15,0.3731327779708311,0.12154828483825394,0.20325862489415375,1.0,1.0,0.8417379602701368
self_discovered_relative,16,0.3639532138775667,0.13313185019318408,0.20553621944876188,1.0,1.0,0.8579542661090261
wrong_leader_control,3,0.4473263149935485,0.206529107047698,0.16770633961324252,1.0,0.6666666666666666,0.8563362333225873
wrong_leader_control,4,0.3701004071116343,0.23721107947967407,0.1388615128376605,1.0,0.5,0.8371548513496352
wrong_leader_control,5,0.3246240812352998,0.1433666925031844,0.14008707568028234,0.8,0.6,0.7622144073728998
wrong_leader_control,6,0.294412819687541,0.21775113951847647,0.22264011864065925,0.5,0.5,0.9647062633068927
wrong_leader_control,7,0.266352131920377,0.2382411238801236,0.239793450095968,0.5714285714285714,0.5714285714285714,0.94416377668816
wrong_leader_control,8,0.2513867445297451,0.25550186925122054,0.2656992668035607,0.625,0.625,0.949787596570831
wrong_leader_control,9,0.2389027490115456,0.29758836813637246,0.2510900745395973,0.5555555555555556,0.3333333333333333,1.0631893587963006
wrong_leader_control,10,0.22987926241857276,0.26947225827770654,0.3001212618324756,0.7,0.6,0.9820744025012095
wrong_leader_control,11,0.2197863170406083,0.30517740904487717,0.23757875146662363,0.5454545454545454,0.2727272727272727,1.0873079828787793
wrong_leader_control,12,0.21361233241231364,0.26869669204029617,0.2637460230674967,0.5,0.3333333333333333,1.0846110354098248
wrong_leader_control,13,0.20747428156609624,0.3150157231758959,0.3098010613633375,0.6153846153846154,0.5384615384615384,1.0826253315089829
wrong_leader_control,14,0.20086386154674618,0.28971236445143206,0.28833782712309564,0.5714285714285714,0.35714285714285715,1.1122586480847847
wrong_leader_control,15,0.19572552393830941,0.3040969150632324,0.2853418055934708,0.6,0.4,1.1128045644308369
wrong_leader_control,16,0.19084713051149124,0.3148204105072806,0.2986966212515614,0.5625,0.375,1.1566099043306228
