seed,defect_fraction,mean_abs_charge,max_abs_charge,median_amp_near_defect,median_amp_elsewhere,raw_local_rephase_winding_error,frame_corrected_winding_error
0,0.005554453481452093,0.005554453481452093,1,0.10575826672150708,0.8874203459321097,3.0965553910394167e-16,1.4403607579941526e-16
1,0.007934933544931562,0.007934933544931562,1,0.09680914394200314,0.6898468657281339,3.1899365777962246e-16,1.5989325845623163e-16
2,0.006347946835945249,0.006347946835945249,1,0.08305436028653612,0.8653961314038269,3.0084599318348815e-16,1.605099266706634e-16
3,0.005157706804205514,0.005157706804205514,1,0.05336680909159851,0.9039582274279201,3.1925794415723604e-16,1.580432538129364e-16
4,0.007538186867684983,0.007538186867684983,1,0.10098256300587133,0.8265692674243017,3.2498414900553083e-16,1.760147274906616e-16
5,0.009521920253917874,0.009521920253917874,1,0.12399592500061736,0.8834169819439941,3.101841118591689e-16,1.6923137713191236e-16
6,0.007141440190438405,0.007141440190438405,1,0.08028383874102596,0.8576031694184278,3.152055530338274e-16,1.6095040396668605e-16
7,0.005951200158698671,0.005951200158698671,1,0.09503693190141642,0.8722129330306688,3.0234361598996525e-16,1.5293371717907334e-16
8,0.007538186867684983,0.007538186867684983,1,0.1057517013161372,0.7670750515624567,3.2181271247416757e-16,1.566337264656638e-16
9,0.006347946835945249,0.006347946835945249,1,0.1324052952356209,0.8835299401326226,3.0428171609246504e-16,1.406003528904384e-16
10,0.008728426899424718,0.008728426899424718,1,0.1579789981434281,0.9364109579257082,3.1027220731837346e-16,1.6288850406918584e-16
11,0.006744693513191827,0.006744693513191827,1,0.08975657996271375,0.7891658280687058,3.1397221660496394e-16,1.508194261581645e-16
12,0.006347946835945249,0.006347946835945249,1,0.1238676413351531,0.8525922620697718,3.297413038025758e-16,1.576027765169137e-16
13,0.00991866693116445,0.00991866693116445,1,0.11047510150943401,0.7782610990830495,3.2119604425973583e-16,1.7046471356077586e-16
14,0.007141440190438405,0.007141440190438405,1,0.08435325926173284,0.7878783303545069,3.2348652619905373e-16,1.5830754019055e-16
15,0.00833168022217814,0.00833168022217814,1,0.10669278519332333,0.8066413392598737,3.1723174859553173e-16,1.5848373110895907e-16
16,0.007538186867684983,0.007538186867684983,1,0.09375907243442871,0.9173218249655918,3.0754124808303283e-16,1.700242362647532e-16
17,0.009521920253917874,0.009521920253917874,1,0.09362879873432538,0.715283860450341,3.111531619104188e-16,1.642980314164584e-16
18,0.00991866693116445,0.00991866693116445,1,0.09610452389955908,0.7130693952446228,3.211079488005313e-16,1.6623613151895818e-16
19,0.007538186867684983,0.007538186867684983,1,0.10415122781888378,0.7833461138388892,3.131793574721231e-16,1.3196699788839392e-16
20,0.009125173576671296,0.009125173576671296,1,0.08026503361393315,0.8243959988300306,3.1159363920644146e-16,1.6711708611100352e-16
21,0.007141440190438405,0.007141440190438405,1,0.09026939579378235,0.8328846183012791,3.168793667587136e-16,1.4544560314668784e-16
22,0.007141440190438405,0.007141440190438405,1,0.0951886319599753,0.8157054330277751,3.0851029813428273e-16,1.5390276723032323e-16
23,0.005157706804205514,0.005157706804205514,1,0.09144861943498175,0.8036656552368914,3.1062458915519157e-16,1.5416705360793684e-16
24,0.005554453481452093,0.005554453481452093,1,0.09925657116316569,0.8091267194541049,3.2119604425973583e-16,1.6306469498759491e-16
25,0.007934933544931562,0.007934933544931562,1,0.0810044642442729,0.6213031270119798,3.2216509431098572e-16,1.7257900458168473e-16
26,0.005554453481452093,0.005554453481452093,1,0.06280570939754855,0.7221493217025,3.0674838895019204e-16,1.5275752626066426e-16
27,0.004760960126958937,0.004760960126958937,1,0.08755134203442724,0.7857584586466742,3.136198347681458e-16,1.5601705825123207e-16
28,0.005554453481452093,0.005554453481452093,1,0.07113251427783532,0.8219159473058816,3.152055530338274e-16,1.6368136320202665e-16
29,0.005157706804205514,0.005157706804205514,1,0.08811916409376247,0.7819086786064842,3.007578977242836e-16,1.3046937508191684e-16
30,0.004364213449712359,0.004364213449712359,1,0.07341395737793946,0.7654963849552047,3.1502936211541836e-16,1.6368136320202665e-16
31,0.005951200158698671,0.005951200158698671,1,0.0942865784379627,0.8296600051946281,3.160865076258728e-16,1.6139088126270873e-16
32,0.006744693513191827,0.006744693513191827,1,0.0809704155941077,0.7392032505435988,3.2181271247416757e-16,1.540789581487323e-16
33,0.006744693513191827,0.006744693513191827,1,0.10611586737694467,0.7903901228178029,3.1071268461439615e-16,1.4606227136111957e-16
34,0.007934933544931562,0.007934933544931562,1,0.12589119292217815,0.770667993069168,3.088626799711009e-16,1.6412184049804934e-16
35,0.005951200158698671,0.005951200158698671,1,0.10281707258821637,0.9742560528841703,3.2745082186325783e-16,1.540789581487323e-16
36,0.005554453481452093,0.005554453481452093,1,0.06645437005695762,0.6663302552495097,3.0965553910394167e-16,1.3645986630782523e-16
37,0.010315413608411029,0.010315413608411029,1,0.14553038077834174,0.9277878445821378,3.1696746221791815e-16,1.6218374039554955e-16
38,0.005157706804205514,0.005157706804205514,1,0.09231049171904687,0.768541639178413,3.1159363920644146e-16,1.5355038539350507e-16
39,0.00833168022217814,0.00833168022217814,1,0.09279515957814816,0.8293200671608565,3.1546983941144104e-16,1.52052762587028e-16
40,0.00991866693116445,0.00991866693116445,1,0.11451076184957872,0.7918614278796875,3.1397221660496394e-16,1.5434324452634591e-16
41,0.007141440190438405,0.007141440190438405,1,0.1096309153989171,0.8403315014301018,3.0031742042826094e-16,1.450932213098697e-16
42,0.005554453481452093,0.005554453481452093,1,0.07984881698247093,0.8690686595488017,3.12826975635305e-16,1.5064323523975542e-16
43,0.009125173576671296,0.009125173576671296,1,0.11503526710303073,0.8112185773837765,3.1705555767712267e-16,1.5504800819998218e-16
44,0.004760960126958937,0.004760960126958937,1,0.09419010636153854,0.7678638625301353,3.22869857984622e-16,1.3945511192077944e-16
45,0.005157706804205514,0.005157706804205514,1,0.09486873411362165,0.7536967086810644,3.0912696634871446e-16,1.4826465784123297e-16
46,0.0035707200952192026,0.0035707200952192026,1,0.08617456821139588,0.8093732067661238,3.1679127129950904e-16,1.6200754947714047e-16
47,0.004364213449712359,0.004364213449712359,1,0.08199288862132087,0.8574200383893018,3.153817439522365e-16,1.5716229922089105e-16
48,0.006744693513191827,0.006744693513191827,1,0.09987383870147172,0.7941108384928126,3.223412852293948e-16,1.4844084875964205e-16
49,0.005951200158698671,0.005951200158698671,1,0.08347509888607754,0.8681979476644808,3.0921506180791904e-16,1.5328609901589147e-16
50,0.004760960126958937,0.004760960126958937,1,0.08402279038817087,0.7785466205009484,3.07893629919851e-16,1.5372657631191415e-16
51,0.003967466772465781,0.003967466772465781,1,0.056905593749399117,0.8127719321654001,3.0533886160291946e-16,1.3505033896055265e-16
52,0.004760960126958937,0.004760960126958937,1,0.06988158510836553,0.7491950203350968,3.1080078007360067e-16,1.3875034824714315e-16
53,0.003967466772465781,0.003967466772465781,1,0.09772217198664393,0.9555306016154473,3.210198533413268e-16,1.508194261581645e-16
54,0.007538186867684983,0.007538186867684983,1,0.11028747615436907,0.8974889616449198,3.152055530338274e-16,1.5874801748657268e-16
55,0.007141440190438405,0.007141440190438405,1,0.05889506209157058,0.679811893410158,3.0577933889894215e-16,1.329360479396438e-16
56,0.007538186867684983,0.007538186867684983,1,0.10075877427892051,0.7799694518351128,3.1027220731837346e-16,1.6024564029304978e-16
57,0.005951200158698671,0.005951200158698671,1,0.08641861489520569,0.9350956086736223,3.0974363456314625e-16,1.5073133069895997e-16
58,0.006347946835945249,0.006347946835945249,1,0.10237602684830141,0.7957362415483425,3.099198254815553e-16,1.4905751697407378e-16
59,0.0031739734179726245,0.0031739734179726245,1,0.10397328073788056,0.8583995817431742,3.0533886160291946e-16,1.381336800327114e-16
60,0.006744693513191827,0.006744693513191827,1,0.10207863049320207,0.7968385736088097,3.2075556696371315e-16,1.667647042741854e-16
61,0.004364213449712359,0.004364213449712359,1,0.08887851945949693,0.7133434878113427,3.0604362527655573e-16,1.47119416871574e-16
62,0.005554453481452093,0.005554453481452093,1,0.07499644006553759,0.7210261572928782,3.1062458915519157e-16,1.5319800355668694e-16
63,0.010712160285657607,0.010712160285657607,1,0.09110110966374241,0.7095591711743764,3.1934603961644057e-16,1.615670721811178e-16
64,0.005157706804205514,0.005157706804205514,1,0.11499659168783927,0.8719220284949992,3.356436995692796e-16,1.6447422233486747e-16
65,0.006347946835945249,0.006347946835945249,1,0.11018057400961956,0.8838912042613267,3.0710077078701015e-16,1.555765809552094e-16
66,0.005157706804205514,0.005157706804205514,1,0.10017623797678894,0.7892452346158635,3.19081753238827e-16,1.5495991274077765e-16
67,0.005554453481452093,0.005554453481452093,1,0.08650613135684446,0.8609916542185256,3.032245705820106e-16,1.4104083018646107e-16
68,0.005951200158698671,0.005951200158698671,1,0.08523587970703692,0.7563469627266337,3.1124125736962336e-16,1.508194261581645e-16
69,0.007141440190438405,0.007141440190438405,1,0.08660223016618782,0.8374312190981724,3.1731984405473625e-16,1.6121469034429965e-16
70,0.005157706804205514,0.005157706804205514,1,0.07378390607684798,0.9552306429274636,2.8437214231224004e-16,1.2306935650873586e-16
71,0.006347946835945249,0.006347946835945249,1,0.09844424020380374,0.8430856937959206,3.1599841216666825e-16,1.6931947259111691e-16
72,0.005554453481452093,0.005554453481452093,1,0.07411829310452774,0.7964078593007673,2.9221263818144373e-16,1.326717615620302e-16
73,0.006347946835945249,0.006347946835945249,1,0.127145220360329,0.8354542745346133,3.0340076150041967e-16,1.4720751233077855e-16
74,0.005951200158698671,0.005951200158698671,1,0.08411854290895668,0.6963471126968857,3.036650478780333e-16,1.486170396780511e-16
75,0.008728426899424718,0.008728426899424718,1,0.13229917138225494,0.8514022363867498,2.9511978833519336e-16,1.5918849478259534e-16
76,0.004760960126958937,0.004760960126958937,1,0.089764626153675,0.9363648019113375,3.1450078936019115e-16,1.4324321666657444e-16
77,0.007538186867684983,0.007538186867684983,1,0.09993056530691942,0.8457151140025159,3.189055623204179e-16,1.5725039468009557e-16
78,0.007141440190438405,0.007141440190438405,1,0.13181925099889957,0.725301160176198,3.285960628329168e-16,1.516122852910053e-16
79,0.006347946835945249,0.006347946835945249,1,0.11575654473501493,0.8941319510472451,3.0375314333723783e-16,1.416574984008928e-16
80,0.007141440190438405,0.007141440190438405,1,0.14819831146127047,0.895814287570903,3.1643888946269094e-16,1.448289349322561e-16
81,0.005951200158698671,0.005951200158698671,1,0.07293466709548893,0.8208401953356017,3.079817253790555e-16,1.523170489646416e-16
82,0.005554453481452093,0.005554453481452093,1,0.06539050601775516,0.8193301786634674,3.241031944134855e-16,1.675575634070262e-16
83,0.007141440190438405,0.007141440190438405,1,0.09293388277376695,0.8828534226365652,3.0472219338848773e-16,1.401598755944157e-16
84,0.006744693513191827,0.006744693513191827,1,0.07559848890244342,0.8026184013068299,3.066602934909875e-16,1.488813260556647e-16
85,0.005951200158698671,0.005951200158698671,1,0.094253956267432,0.9189852368386253,3.0851029813428273e-16,1.4544560314668784e-16
86,0.005951200158698671,0.005951200158698671,1,0.10842939592013151,0.9038230148419222,3.2128413971894036e-16,1.4949799427009647e-16
87,0.005951200158698671,0.005951200158698671,1,0.08772985839694239,0.8116792577259617,3.1309126201291857e-16,1.4667893957555134e-16
88,0.007538186867684983,0.007538186867684983,1,0.10793607412018372,0.9070031120668263,3.2049128058609957e-16,1.7152185907123028e-16
89,0.007934933544931562,0.007934933544931562,1,0.06815797897733629,0.7604862557293964,3.1053649369598704e-16,1.5619324916964115e-16
90,0.006744693513191827,0.006744693513191827,1,0.11840110646151322,0.8264808091738052,3.241031944134855e-16,1.5945278116020894e-16
91,0.005951200158698671,0.005951200158698671,1,0.04358380190817522,0.8390915312386763,3.055150525213285e-16,1.3654796176702976e-16
92,0.009521920253917874,0.009521920253917874,1,0.12792148776528672,0.7784702243905144,3.1899365777962246e-16,1.5716229922089105e-16
93,0.004760960126958937,0.004760960126958937,1,0.06574300827447907,0.8312759263977273,3.0859839359348725e-16,1.5416705360793684e-16
94,0.006347946835945249,0.006347946835945249,1,0.06585973341631571,0.7132730495834678,3.151174575746229e-16,1.5064323523975542e-16
95,0.007538186867684983,0.007538186867684983,1,0.12441941463853418,0.8506824111070856,3.219889033925766e-16,1.4879323059646018e-16
96,0.005554453481452093,0.005554453481452093,1,0.1276540381051641,0.9868709465198705,3.239270034950764e-16,1.6315279044679944e-16
97,0.007934933544931562,0.007934933544931562,1,0.08160106864672893,0.8458347525935025,3.1009601639996436e-16,1.5495991274077765e-16
98,0.005951200158698671,0.005951200158698671,1,0.0540480017808435,0.7714768893419206,3.0965553910394167e-16,1.4623846227952865e-16
99,0.007141440190438405,0.007141440190438405,1,0.10479443573829238,0.8129685871845174,3.1582222124825915e-16,1.4368369396259713e-16
100,0.006347946835945249,0.006347946835945249,1,0.07328613520302732,0.6731083501264877,3.10360302777578e-16,1.4879323059646018e-16
101,0.006744693513191827,0.006744693513191827,1,0.0562313011334757,0.7178519930365718,3.070126753278056e-16,1.4905751697407378e-16
102,0.005951200158698671,0.005951200158698671,1,0.08461356003638337,0.7675758156299419,3.137079302273503e-16,1.4280273937055178e-16
103,0.007934933544931562,0.007934933544931562,1,0.10525974434157889,0.9476927115278937,3.1397221660496394e-16,1.4755989416759668e-16
104,0.006744693513191827,0.006744693513191827,1,0.10585282048389608,0.8544694298866745,3.0718886624621473e-16,1.4579798498350597e-16
105,0.007934933544931562,0.007934933544931562,1,0.11301321433579217,0.754892553695406,3.088626799711009e-16,1.5443133998555044e-16
106,0.006744693513191827,0.006744693513191827,1,0.15201327038973644,0.9194844942010832,3.1053649369598704e-16,1.5936468570100442e-16
107,0.008728426899424718,0.008728426899424718,1,0.11022608369891929,0.8602988957476423,3.19081753238827e-16,1.6218374039554955e-16
108,0.006744693513191827,0.006744693513191827,1,0.11241911206051841,0.8077140374571192,3.182007986467816e-16,1.648266041716856e-16
109,0.006347946835945249,0.006347946835945249,1,0.09205748139862556,0.7973260082061078,3.1643888946269094e-16,1.55840867332823e-16
110,0.006744693513191827,0.006744693513191827,1,0.07772169612805077,0.6658480400056596,3.1159363920644146e-16,1.5839563564975452e-16
111,0.007141440190438405,0.007141440190438405,1,0.09044486042825625,0.7600518005859154,3.219008079333721e-16,1.5196466712782344e-16
112,0.006347946835945249,0.006347946835945249,1,0.05812273680405423,0.7663231816462737,3.1124125736962336e-16,1.5275752626066426e-16
113,0.006347946835945249,0.006347946835945249,1,0.09941288746615345,0.8132753691914131,3.1652698492189546e-16,1.595408766194135e-16
114,0.0035707200952192026,0.0035707200952192026,1,0.049809647559782275,0.7378468220635225,3.0771743900144194e-16,1.4703132141236947e-16
115,0.00833168022217814,0.00833168022217814,1,0.10913282914179231,0.9008543818950633,3.160865076258728e-16,1.5813134927214092e-16
116,0.006744693513191827,0.006744693513191827,1,0.08208470352138011,0.8763685056894123,3.1353173930894125e-16,1.6200754947714047e-16
117,0.006744693513191827,0.006744693513191827,1,0.08325277776400988,0.842048678149837,3.0533886160291946e-16,1.4817656238202844e-16
118,0.005951200158698671,0.005951200158698671,1,0.0785237798671049,0.7419584863777197,2.9952456129542015e-16,1.1954553814055444e-16
119,0.007934933544931562,0.007934933544931562,1,0.0903449748493309,0.8439344039354857,3.2128413971894036e-16,1.4826465784123297e-16
