t,defect_count,amp_q01,min_amp
0.0,26,0.09309889060659506,0.006388397395790197
0.08368200836820083,26,0.09048731454438126,0.021422380088244417
0.16736401673640167,26,0.09538525411606656,0.004974750987815548
0.2510460251046025,26,0.09138914204731266,0.010041941382013222
0.33472803347280333,26,0.09316511632114934,0.012271377339679507
0.41841004184100417,24,0.0894560482536955,0.015196014511223922
0.502092050209205,22,0.09206128348058878,0.014981904763966401
0.5857740585774058,22,0.09224778188030285,0.014580679505995894
0.6694560669456067,22,0.09823399729187715,0.005136204379083162
0.7531380753138075,20,0.097464046453013,0.017871318101813454
0.8368200836820083,22,0.10560088574086963,0.008555427644436446
0.9205020920502092,20,0.10298999467839277,0.02151184327482539
1.00418410041841,18,0.10261052943954244,0.010069756188426638
1.0878661087866108,18,0.10340911638326808,0.014003801043671814
1.1715481171548117,18,0.10942418259607821,0.005931230459992047
1.2552301255230125,18,0.1160039054008143,0.016329058229744543
1.3389121338912133,16,0.11452647644990256,0.012240922076443655
1.4225941422594142,16,0.11446492101562034,0.00836592529736055
1.506276150627615,16,0.1195562719256154,0.011878559022740683
1.5899581589958158,14,0.11999999999999936,0.02450012589619477
1.6736401673640167,14,0.11821378902146175,0.005180546437988193
1.7573221757322175,14,0.11836956207126316,0.00987666412136844
1.8410041841004183,16,0.11428309832043822,0.009368062854999923
1.9246861924686192,18,0.10619830729531461,0.012738572455446042
2.00836820083682,20,0.10061589066958612,0.003356135838997924
2.092050209205021,26,0.09441930208919375,0.007807979047135095
2.1757322175732217,26,0.09181208068149753,0.0033535907912133544
2.2594142259414225,24,0.09075376683496268,0.01843135467982285
2.3430962343096233,24,0.08825476072223959,0.006979253703022912
2.426778242677824,24,0.08292483002089672,0.022013709551879517
2.510460251046025,22,0.0871967944943218,0.008323275035986783
2.594142259414226,24,0.08870073273036687,0.012478954637675793
2.6778242677824267,22,0.08523201221147234,0.014819910496950882
2.7615062761506275,22,0.0781831172379256,0.01364226079490899
2.8451882845188283,20,0.06827666619419456,0.00617968126388305
2.928870292887029,24,0.061492380999308344,0.005585684107465719
3.01255230125523,26,0.0559120749181476,0.0028941737715914863
3.096234309623431,26,0.06594512846431856,0.011190401499157234
3.1799163179916317,24,0.06678908447815975,0.005084969459890219
3.2635983263598325,26,0.07250343598515441,0.014635980568055679
3.3472803347280333,20,0.07963539137390874,0.0054550048486974615
3.430962343096234,20,0.08611860072927745,0.010651648167039368
3.514644351464435,20,0.09397107197734839,0.012838636353306518
3.598326359832636,20,0.10447908220380227,0.01684723040146296
3.6820083682008367,20,0.10660674807128352,0.0025003045681748245
3.7656903765690375,20,0.09883187589313283,0.00806852074297789
3.8493723849372383,20,0.08885518620669194,0.01601709993087315
3.933054393305439,20,0.08154816299136655,0.004030150105273209
4.01673640167364,22,0.08234551320719875,0.011383717988879655
4.100418410041841,22,0.08077296284565992,0.007788814960723161
4.184100418410042,22,0.08121891253888097,0.003613458419653276
4.2677824267782425,22,0.07701798325501402,0.017125309322124777
4.351464435146443,22,0.07530092437488461,0.008352263785831265
4.435146443514644,22,0.07801545066861587,0.0104616131415633
4.518828451882845,22,0.07802924978803655,0.006540263495013415
4.602510460251046,22,0.07141259777359855,0.00911761115295356
4.686192468619247,24,0.06394881384976847,0.006249534663541683
4.7698744769874475,24,0.06560626779256286,0.011613574049614748
4.853556485355648,22,0.06410003989864088,0.002211927570144383
4.937238493723849,22,0.062288590070113566,0.0034950094631591385
5.02092050209205,22,0.058195436669264494,0.008080480279402212
5.104602510460251,20,0.060337731963447605,0.0017410985656670856
5.188284518828452,18,0.06100089414113496,0.011580567162886732
5.2719665271966525,22,0.0731516577366918,0.0008467690233059724
5.355648535564853,22,0.08553500966672808,0.012482919908764049
5.439330543933054,20,0.0802245629985173,0.010032864064181796
5.523012552301255,20,0.08156640499622636,0.017275085261567572
5.606694560669456,20,0.08373582868229469,0.012587523600606705
5.690376569037657,18,0.0908014385012678,0.01240506231465396
5.7740585774058575,18,0.08812594317777218,0.005674086299473643
5.857740585774058,16,0.08961989068281248,0.01881331650718235
5.941422594142259,16,0.09404335913088617,0.011459095323420715
6.02510460251046,16,0.09044018940516259,0.012683258030979767
6.108786610878661,14,0.09207652050306743,0.008657771867653022
6.192468619246862,16,0.08884428704684694,0.014900342355640988
6.2761506276150625,16,0.08178049791603571,0.0034862321021301287
6.359832635983263,20,0.07884525270416184,0.009372003408055477
6.443514644351464,20,0.07623451792447396,0.006866031494804641
6.527196652719665,20,0.07812484403133252,0.008173575353456605
6.610878661087866,20,0.08872552976870661,0.02070911413962581
6.694560669456067,20,0.0892387272994611,0.0039063855713981745
6.7782426778242675,20,0.09254606064090068,0.017222293500103052
6.861924686192468,20,0.09566528269185369,0.009105233591247652
6.945606694560669,20,0.09629806933370046,0.017177474091029512
7.02928870292887,18,0.08699938905885236,0.0038631913536561024
7.112970711297071,18,0.08066620430339051,0.008259098918699371
7.196652719665272,18,0.07318030265541667,0.016623290864612138
7.2803347280334725,18,0.07304610964759996,0.007517244562397618
7.364016736401673,18,0.06647664199643344,0.0060484156994015745
7.447698744769874,24,0.06756467582288779,0.004018906199566998
7.531380753138075,22,0.07080188707073237,0.014212842990319514
7.615062761506276,22,0.07737397912021372,0.009935488987582914
7.698744769874477,22,0.08454552921475912,0.008649197833081856
7.7824267782426775,22,0.08921503439695964,0.00945676321119436
7.866108786610878,24,0.0972954970816785,0.0016545166586544664
7.949790794979079,24,0.10085920836618897,0.012433394089591508
8.03347280334728,22,0.10220134793381327,0.020259320840623107
8.11715481171548,22,0.09993459365611362,0.010773488745125251
8.200836820083682,24,0.09726219695151231,0.009112470240880818
8.284518828451883,24,0.10408774415667889,0.007471465222975986
8.368200836820083,22,0.09641223709989545,0.009063603374129916
8.451882845188283,22,0.09020451297180176,0.009492399484743695
8.535564853556485,22,0.08638944476347608,0.0082777008705629
8.619246861924687,24,0.08429694385981783,0.013474837465613393
8.702928870292887,26,0.08705146454467896,0.009893011315533638
8.786610878661087,26,0.08523403593128302,0.005268241359155787
8.870292887029288,26,0.08899769326319557,0.011540051133701025
8.95397489539749,28,0.08406473216488794,0.010803104116051827
9.03765690376569,24,0.0777448073550143,0.006055261894935213
9.12133891213389,24,0.07814574113833199,0.00885087063838387
9.205020920502092,22,0.08201627880320453,0.005769143402211168
9.288702928870293,22,0.0844486721583805,0.005405832807189117
9.372384937238493,20,0.0843190992119926,0.005225518808487097
9.456066945606693,20,0.08424992839755653,0.016801717773653534
9.539748953974895,20,0.08313482992725711,0.010242622034997186
9.623430962343097,18,0.08382411738095755,0.01339525181672338
9.707112970711297,18,0.09101031788743019,0.010772363002112777
9.790794979079497,18,0.09098538960346161,0.012718486621226887
9.874476987447698,20,0.09168501952952035,0.018879353261548836
9.9581589958159,20,0.09010244427325056,0.005548271323344099
10.0418410041841,20,0.0881403203723929,0.022653672609471178
10.1255230125523,20,0.08400925304000714,0.012378442543580745
10.209205020920502,22,0.08498281034994452,0.0032699765316538476
10.292887029288703,22,0.07996196365406072,0.01716346666101513
10.376569037656903,24,0.07955499605939226,0.006904109095322703
10.460251046025103,26,0.07631405057732454,0.01083341778334541
10.543933054393305,22,0.07835715108316484,0.009635928983831999
10.627615062761507,24,0.07387756912773852,0.011691495673902078
10.711297071129707,24,0.08242323657323064,0.020868104500873327
10.794979079497907,24,0.08187541286402572,0.009999188732309913
10.878661087866108,24,0.07700245383855286,0.008918614442703135
10.96234309623431,24,0.07126848554261925,0.008008726512196723
11.04602510460251,22,0.075570146343563,0.009244741032721354
11.12970711297071,24,0.07553741010992035,0.00949336900785198
11.213389121338912,26,0.068040217775857,0.010260977158398604
11.297071129707113,28,0.06322822103276055,0.012890280642496504
11.380753138075313,24,0.060316381322769314,0.0027666195342558476
11.464435146443513,26,0.06718595570137863,0.008951126789430448
11.548117154811715,26,0.069315145976441,0.012773954891776502
11.631799163179917,26,0.07301842533344655,0.013658159068458891
11.715481171548117,26,0.08257786822460794,0.006190263085048453
11.799163179916317,26,0.08878570870395429,0.0031864866848216795
11.882845188284518,26,0.0972486086707338,0.0013506502349552468
11.96652719665272,28,0.09701527760185867,0.007202773506714127
12.05020920502092,28,0.10274636742131864,0.0024838990314757226
12.13389121338912,28,0.09483870204567846,0.015797162736775453
12.217573221757322,30,0.11292855420567191,0.006466470618500502
12.301255230125523,28,0.11213546102981406,0.006651513439782218
12.384937238493723,28,0.1022613824047741,0.005751668584793465
12.468619246861923,28,0.09881883230504783,0.015331328651348529
12.552301255230125,26,0.10294664916558745,0.01626477701490576
12.635983263598327,26,0.10323311352975088,0.020730492286612834
12.719665271966527,26,0.09827246756823976,0.004272297084063465
12.803347280334727,26,0.09587142701553206,0.009546127303034512
12.887029288702928,28,0.08656739690128014,0.006652888516994662
12.97071129707113,30,0.08299941872964535,0.007187387044110056
13.05439330543933,30,0.08208158706574481,0.009725651955273857
13.13807531380753,28,0.08164385820152757,0.005820855207792772
13.221757322175732,28,0.08658366514607495,0.00599499900091013
13.305439330543933,28,0.09217866382997748,0.00509131894620611
13.389121338912133,28,0.09153972733377277,0.013543930961319894
13.472803347280333,28,0.09580529402325333,0.012855145162066303
13.556485355648535,30,0.0865338552009112,0.004345344533397602
13.640167364016737,28,0.07983833006547694,0.0024100453843332475
13.723849372384937,28,0.08689721824739126,0.007794461767239219
13.807531380753137,28,0.09227318632542417,0.008994246186567441
13.891213389121338,28,0.08908880869257839,0.009743653608905037
13.97489539748954,30,0.08311678892357895,0.0012871879757646503
14.05857740585774,28,0.08051287617855919,0.015739332370501753
14.14225941422594,28,0.0793063781206808,0.02330436557215396
14.225941422594142,26,0.08591462837584542,0.009297571527456003
14.309623430962343,26,0.08243059064302048,0.018209946961783217
14.393305439330543,26,0.07983894676739291,0.005668609375666975
14.476987447698743,26,0.07727832624605545,0.0036461965516621543
14.560669456066945,28,0.07678280893991969,0.005070549968662477
14.644351464435147,26,0.07636835164829461,0.0076402862735314644
14.728033472803347,24,0.07499276882710038,0.005271714503717662
14.811715481171547,24,0.07419050850276405,0.0013024513636786543
14.895397489539748,22,0.06677368773233058,0.013464855713795909
14.97907949790795,24,0.05327153937653181,0.005498762467393788
15.06276150627615,26,0.0500661276013853,0.002740562155862915
15.14644351464435,24,0.04922808395184837,0.005960455881858734
15.230125523012552,20,0.058191305907159506,0.00860350025911169
15.313807531380753,22,0.07022107478653193,0.010964104762614755
15.397489539748953,20,0.08145917172942956,0.014769842495823643
15.481171548117153,20,0.08855391552816119,0.0126468471506691
15.564853556485355,22,0.09685736634681884,0.007227920578992207
15.648535564853557,22,0.10078423454772498,0.005939183070134498
15.732217573221757,18,0.10587889092818206,0.0018052804866573757
15.815899581589957,18,0.10400846591443938,0.003483200520414629
15.899581589958158,18,0.10368900503066597,0.013330607340208868
15.98326359832636,16,0.10741100881858281,0.021777998633804113
16.06694560669456,16,0.10549993033436852,0.011747136463136246
16.15062761506276,16,0.09930524626862526,0.02378018448417617
16.23430962343096,18,0.09456465090858922,0.0042242233234973696
16.317991631799163,18,0.08554430200194356,0.00784110647697576
16.401673640167363,18,0.07871857909139371,0.0032593048762364126
16.485355648535563,16,0.0721371425367633,0.009678781549793257
16.569037656903767,18,0.07402339133985893,0.0067364999601785495
16.652719665271967,18,0.07808632805990041,0.006670888656093276
16.736401673640167,20,0.08462048607268184,0.013109644375656562
16.820083682008367,20,0.09396129990278794,0.007124722703532954
16.903765690376567,22,0.08780294881533265,0.020559906589912465
16.98744769874477,22,0.08644500732643497,0.01572537339217935
17.07112970711297,22,0.09101581097123027,0.00708170962317555
17.15481171548117,22,0.08874281393691041,0.009852009790563316
17.238493723849373,22,0.08657931374739904,0.01866533963950068
17.322175732217573,20,0.09426505892524821,0.009163402048882103
17.405857740585773,20,0.09323964025076646,0.018899313204629165
17.489539748953973,18,0.09915796202907001,0.019918998713221493
17.573221757322173,18,0.10319223721435086,0.02533704880670814
17.656903765690377,18,0.1096813747097412,0.008224436178366315
17.740585774058577,18,0.10803151954807391,0.010519596572812685
17.824267782426777,18,0.10176492005842654,0.014557648023720688
17.90794979079498,16,0.09024161579161169,0.026623739917713895
17.99163179916318,18,0.09044164785668979,0.01692910480246448
18.07531380753138,18,0.09648331885028996,0.011663994157641145
18.15899581589958,16,0.10946720746193525,0.01369746769563589
18.24267782426778,16,0.11941675324719582,0.011159822290400898
18.326359832635983,16,0.11746486037081975,0.010569447888753303
18.410041841004183,16,0.10499022357108163,0.001608648474799454
18.493723849372383,18,0.09164330222867825,0.012170323038424838
18.577405857740587,18,0.07747932092430303,0.0005319907928358707
18.661087866108787,22,0.07943394799726694,0.011767479408064382
18.744769874476987,20,0.0862780445602789,0.0034361727576350995
18.828451882845187,18,0.08366247022506025,0.0063519842775818765
18.912133891213387,18,0.083602426524578,0.0028425466088795905
18.99581589958159,22,0.08639167514736325,0.00485224935660927
19.07949790794979,20,0.08840380767812954,0.006095219230025942
19.16317991631799,20,0.09099388219674504,0.021341104893982464
19.246861924686193,20,0.09604513826214327,0.00815988018781833
19.330543933054393,18,0.09484666390370364,0.01603168362124514
19.414225941422593,20,0.09702028644347764,0.010158664085641367
19.497907949790793,20,0.09773990082699578,0.015354613377393165
19.581589958158993,20,0.09191937931046582,0.013972066134822672
19.665271966527197,20,0.08942878907544832,0.018027157799706064
19.748953974895397,20,0.09044265853403724,0.007219774647370812
19.832635983263597,20,0.08783585560309379,0.015476550884611378
19.9163179916318,20,0.09059989882928662,0.00832412237731165
20.0,22,0.0918905063442425,0.004518247916143151
