seed,defect_fraction,max_abs_loop_sum,min_amplitude
0,0.0,1.3322676295501878e-15,0.9999999999999998
1,0.0,1.3322676295501878e-15,0.9999999999999998
2,0.0,1.3322676295501878e-15,0.9999999999999998
3,0.0,1.3322676295501878e-15,0.9999999999999998
4,0.0,1.3322676295501878e-15,0.9999999999999998
5,0.0,1.3322676295501878e-15,0.9999999999999998
6,0.0,1.3322676295501878e-15,0.9999999999999998
7,0.0,1.3322676295501878e-15,0.9999999999999998
8,0.0,1.3322676295501878e-15,0.9999999999999998
9,0.0,1.3322676295501878e-15,0.9999999999999998
10,0.0,1.3322676295501878e-15,0.9999999999999998
11,0.0,1.3322676295501878e-15,0.9999999999999998
12,0.0,1.3322676295501878e-15,0.9999999999999998
13,0.0,1.3322676295501878e-15,0.9999999999999998
14,0.0,1.3322676295501878e-15,0.9999999999999998
15,0.0,1.3322676295501878e-15,0.9999999999999998
16,0.0,1.3322676295501878e-15,0.9999999999999998
17,0.0,1.3322676295501878e-15,0.9999999999999998
18,0.0,1.3322676295501878e-15,0.9999999999999998
19,0.0,1.3322676295501878e-15,0.9999999999999998
20,0.0,1.3322676295501878e-15,0.9999999999999998
21,0.0,1.3322676295501878e-15,0.9999999999999998
22,0.0,1.3322676295501878e-15,0.9999999999999998
23,0.0,1.3322676295501878e-15,0.9999999999999998
24,0.0,1.3322676295501878e-15,0.9999999999999998
25,0.0,1.3322676295501878e-15,0.9999999999999998
26,0.0,1.3322676295501878e-15,0.9999999999999998
27,0.0,1.3322676295501878e-15,0.9999999999999998
28,0.0,1.3322676295501878e-15,0.9999999999999998
29,0.0,1.3322676295501878e-15,0.9999999999999998
