step,frequency,defect_count,signed_charge,defect_map_change,defect_birthdeath,nodal_components,sign_edge_count,low_amp_threshold,mean_amp,future_component_change,future_signedge_change,current_component_change,current_signedge_change
0,1.3010764773832475,0,0,,,2,0,0.8645110051398031,3.677719039807088,0.0,0.0,,
1,1.3255790076282632,0,0,0.0,0.0,2,0,1.0308831802585197,4.396796285857878,1.0,0.0,0.0,0.0
2,1.350081537873279,0,0,0.0,0.0,1,0,1.2620655760296733,5.381845316352926,0.0,0.0,1.0,0.0
3,1.3745840681182948,0,0,0.0,0.0,1,0,1.56664678311401,6.6425222054889925,0.0,0.0,0.0,0.0
4,1.3990865983633105,0,0,0.0,0.0,1,0,1.8380334144768171,7.78945547261678,0.0,0.0,0.0,0.0
5,1.4235891286083262,0,0,0.0,0.0,1,0,1.8539536306710207,7.830650739926488,0.0,0.0,0.0,0.0
6,1.448091658853342,0,0,0.0,0.0,1,0,1.5801532909519638,6.671970908680147,0.0,0.0,0.0,0.0
7,1.4725941890983576,0,0,0.0,0.0,1,0,1.262437178725177,5.326300760224804,0.0,0.0,0.0,0.0
8,1.4970967193433735,0,0,0.0,0.0,1,0,1.0112625547422998,4.266592746307342,0.0,0.0,0.0,0.0
9,1.5215992495883892,2,0,2.0,2.0,1,0,0.8310624285212432,3.4975534917169675,0.0,0.0,0.0,0.0
10,1.546101779833405,2,0,4.0,4.0,1,0,0.6957566977246077,2.9378469653214596,0.0,0.0,0.0,0.0
11,1.5706043100784206,2,0,4.0,4.0,1,0,0.5942632527630747,2.5207500989233105,0.0,0.0,0.0,0.0
12,1.5951068403234365,2,0,4.0,4.0,1,0,0.5167136722150998,2.2017229511157157,1.0,0.0,0.0,0.0
13,1.6196093705684522,2,0,4.0,4.0,2,0,0.4601926361775857,1.9519260096347142,0.0,0.0,1.0,0.0
14,1.644111900813468,2,0,4.0,4.0,2,0,0.41771659224229235,1.752459617364062,0.0,0.0,0.0,0.0
15,1.6686144310584836,2,0,4.0,4.0,2,0,0.3803548920228551,1.590649257876529,0.0,0.0,0.0,0.0
16,1.6931169613034993,2,0,4.0,4.0,2,0,0.34855979077002125,1.4577884319652301,1.0,0.0,0.0,0.0
17,1.7176194915485152,2,0,4.0,4.0,3,0,0.32183580456174293,1.3477684961213046,0.0,5.0,1.0,0.0
18,1.742122021793531,2,0,4.0,4.0,3,5,0.30034968588453154,1.2562331273583565,0.0,9.0,0.0,5.0
19,1.7666245520385466,2,0,2.0,2.0,3,14,0.2838901172224108,1.1800457886467433,0.0,4.0,0.0,9.0
20,1.7911270822835623,2,0,4.0,4.0,3,18,0.2716018484525892,1.1169481769625114,0.0,16.0,0.0,4.0
21,1.815629612528578,2,0,4.0,4.0,3,34,0.2608973445227746,1.0653386524790929,0.0,12.0,0.0,16.0
22,1.840132142773594,4,0,4.0,4.0,3,46,0.2544156293460403,1.0241286479928078,0.0,14.0,0.0,12.0
23,1.8646346730186094,2,0,6.0,6.0,3,60,0.24912537525896883,0.9926529736514762,0.0,11.0,0.0,14.0
24,1.8891372032636253,2,0,2.0,2.0,3,71,0.2473677101311657,0.97061862191421,0.0,11.0,0.0,11.0
25,1.913639733508641,2,0,2.0,2.0,3,82,0.24574809015978252,0.9580870420123037,0.0,24.0,0.0,11.0
26,1.9381422637536567,2,0,4.0,4.0,3,106,0.25039929504108804,0.9554929598388665,0.0,27.0,0.0,24.0
27,1.9626447939986726,2,0,2.0,2.0,3,133,0.2587936739865381,0.9637053698270256,0.0,11.0,0.0,27.0
28,1.9871473242436881,2,0,2.0,2.0,3,122,0.2665662707398564,0.9841502810396681,1.0,12.0,0.0,11.0
29,2.011649854488704,2,0,4.0,4.0,4,134,0.27516198549796217,1.0190234738921569,0.0,21.0,1.0,12.0
30,2.03615238473372,2,0,2.0,2.0,4,113,0.2880588242673317,1.0716438042237417,0.0,11.0,0.0,21.0
31,2.0606549149787354,2,0,0.0,0.0,4,102,0.3021357972600198,1.1470378384753348,0.0,3.0,0.0,11.0
32,2.0851574452237513,2,0,2.0,2.0,4,99,0.32096494351804433,1.2529100645369449,0.0,16.0,0.0,3.0
33,2.109659975468767,2,0,2.0,2.0,4,83,0.3591667158389843,1.4012234363553602,0.0,7.0,0.0,16.0
34,2.1341625057137827,2,0,4.0,4.0,4,90,0.4090045665357187,1.6105237719140595,0.0,23.0,0.0,7.0
35,2.1586650359587987,4,0,4.0,4.0,4,113,0.48398109477678514,1.9078870928100284,0.0,42.0,0.0,23.0
36,2.183167566203814,4,0,6.0,6.0,4,155,0.5737590220516692,2.319981097409335,0.0,75.0,0.0,42.0
37,2.20767009644883,2,0,6.0,6.0,4,80,0.6701933037737461,2.8081621596160646,1.0,13.0,0.0,75.0
38,2.2321726266938455,2,0,4.0,4.0,3,67,0.7184097561370197,3.10557494446239,0.0,3.0,1.0,13.0
39,2.2566751569388614,2,0,4.0,4.0,3,70,0.7013424804412185,2.8882622384536756,0.0,0.0,0.0,3.0
40,2.2811776871838774,2,0,4.0,4.0,3,70,0.6260561104886292,2.38217385433152,0.0,1.0,0.0,0.0
41,2.305680217428893,2,0,4.0,4.0,3,71,0.5204541461600057,1.9203062013636925,0.0,0.0,0.0,1.0
42,2.3301827476739088,2,0,4.0,4.0,3,71,0.441814282627707,1.5781334076574847,0.0,1.0,0.0,0.0
43,2.3546852779189242,2,0,4.0,4.0,3,72,0.3862769392597208,1.3331381553705317,0.0,1.0,0.0,1.0
44,2.37918780816394,2,0,2.0,2.0,3,73,0.33947081572687193,1.1555780836948109,0.0,3.0,0.0,1.0
45,2.403690338408956,2,0,2.0,2.0,3,76,0.3080730088793942,1.0242572257606184,0.0,0.0,0.0,3.0
46,2.4281928686539715,2,0,4.0,4.0,3,76,0.27849719670503564,0.925502955957518,0.0,2.0,0.0,0.0
47,2.4526953988989875,2,0,4.0,4.0,3,78,0.25894811752781155,0.8506056843306915,0.0,25.0,0.0,2.0
48,2.477197929144003,2,0,2.0,2.0,3,103,0.24511744394993087,0.7940075353726892,0.0,23.0,0.0,25.0
49,2.501700459389019,2,0,4.0,4.0,3,126,0.2361484954405642,0.7522170879778979,1.0,49.0,0.0,23.0
50,2.526202989634035,2,0,2.0,2.0,4,175,0.2266575780009347,0.7231765791850574,1.0,18.0,1.0,49.0
51,2.5507055198790503,2,0,4.0,4.0,5,157,0.21952650225245066,0.7059072707853115,0.0,5.0,1.0,18.0
52,2.575208050124066,4,0,6.0,6.0,5,152,0.2236688323928362,0.7006519817650557,1.0,7.0,0.0,5.0
53,2.5997105803690816,6,0,8.0,8.0,6,145,0.2335457844346708,0.7086672561604376,0.0,7.0,1.0,7.0
54,2.6242131106140976,6,0,12.0,12.0,6,138,0.25581439987736215,0.7302640351766319,0.0,5.0,0.0,7.0
55,2.6487156408591135,6,0,12.0,12.0,6,133,0.28565419142047066,0.7668363373023923,0.0,1.0,0.0,5.0
56,2.673218171104129,6,0,10.0,10.0,6,132,0.31672442658394084,0.8216655931632177,0.0,3.0,0.0,1.0
57,2.697720701349145,4,0,8.0,8.0,6,129,0.35422441278719125,0.9004858722213916,0.0,4.0,0.0,3.0
58,2.7222232315941604,4,0,6.0,6.0,6,125,0.40254827327981046,1.0125990431947138,0.0,4.0,0.0,4.0
59,2.7467257618391763,4,0,6.0,6.0,6,129,0.45660467735673393,1.1719747171933217,1.0,2.0,0.0,4.0
60,2.771228292084192,4,0,6.0,6.0,7,127,0.519311173556501,1.394167706944212,1.0,0.0,1.0,2.0
61,2.7957308223292077,4,0,4.0,4.0,8,127,0.5654844272180615,1.6691207564511459,1.0,4.0,1.0,0.0
62,2.8202333525742236,4,0,8.0,8.0,7,131,0.5676000517860708,1.8751515577375615,0.0,17.0,1.0,4.0
63,2.844735882819239,4,0,8.0,8.0,7,148,0.5465477613593479,1.8123275256231353,0.0,26.0,0.0,17.0
64,2.869238413064255,4,0,8.0,8.0,7,122,0.4764624796154111,1.5589515367451319,0.0,13.0,0.0,26.0
65,2.893740943309271,4,0,6.0,6.0,7,135,0.45223503620116584,1.3196540378689967,3.0,2.0,0.0,13.0
66,2.9182434735542864,4,0,6.0,6.0,4,133,0.4200826225336027,1.1552320531583113,0.0,1.0,3.0,2.0
67,2.9427460037993023,4,0,6.0,6.0,4,134,0.3989001425754391,1.056939138402597,0.0,2.0,0.0,1.0
68,2.9672485340443178,4,0,6.0,6.0,4,136,0.37772809667465995,1.009537852811231,0.0,2.0,0.0,2.0
69,2.9917510642893337,4,0,4.0,4.0,4,138,0.365387392545048,1.0039677980287722,0.0,12.0,0.0,2.0
70,3.0162535945343496,6,0,8.0,8.0,4,150,0.3597801768529299,1.0379605184121203,0.0,2.0,0.0,12.0
71,3.040756124779365,8,0,10.0,10.0,4,152,0.3601376937574463,1.1154716212844513,1.0,1.0,0.0,2.0
72,3.065258655024381,6,0,10.0,10.0,5,151,0.38334441284997217,1.2477060472214756,0.0,9.0,1.0,1.0
73,3.0897611852693965,4,0,10.0,10.0,5,142,0.4076321391339188,1.4530552381792152,6.0,17.0,0.0,9.0
74,3.1142637155144124,4,0,6.0,6.0,11,159,0.43015282895402845,1.7467358141172153,3.0,7.0,6.0,17.0
75,3.1387662457594283,4,0,8.0,8.0,8,166,0.4618659952167506,2.0833599344315665,3.0,10.0,3.0,7.0
76,3.163268776004444,6,0,10.0,10.0,5,156,0.47870984425411683,2.2439123507402217,1.0,2.0,3.0,10.0
77,3.1877713062494597,4,0,10.0,10.0,6,154,0.49499829534090634,2.043502784280664,1.0,2.0,1.0,2.0
78,3.212273836494475,4,0,6.0,6.0,5,156,0.45702919972433576,1.6918835981432965,0.0,0.0,1.0,2.0
79,3.236776366739491,6,0,6.0,6.0,5,156,0.4106953069477449,1.3889506037706842,0.0,8.0,0.0,0.0
80,3.261278896984507,6,0,8.0,8.0,5,164,0.3645245368837973,1.1681060176119924,0.0,5.0,0.0,8.0
81,3.2857814272295225,6,0,10.0,10.0,5,159,0.3309532700445331,1.0116145417021232,1.0,2.0,0.0,5.0
82,3.310283957474538,6,0,10.0,10.0,6,157,0.30908360465164697,0.9004646194712476,1.0,0.0,1.0,2.0
83,3.334786487719554,6,0,10.0,10.0,5,157,0.29360852507569035,0.8215219163844141,1.0,1.0,1.0,0.0
84,3.35928901796457,6,0,8.0,8.0,6,156,0.28431461349995213,0.7667649108464102,0.0,0.0,1.0,1.0
85,3.3837915482095857,6,0,10.0,10.0,6,156,0.27848907717008226,0.7317121973419282,0.0,4.0,0.0,0.0
86,3.4082940784546016,6,0,8.0,8.0,6,152,0.28330725283296304,0.714489696342726,2.0,1.0,0.0,4.0
87,3.4327966086996167,6,0,6.0,6.0,8,153,0.28867913931151534,0.7154419013156247,0.0,16.0,2.0,1.0
88,3.4572991389446326,6,0,10.0,10.0,8,169,0.2981457011319897,0.7371624212832377,1.0,0.0,0.0,16.0
89,3.4818016691896485,6,0,4.0,4.0,9,169,0.31539298150768885,0.7848530931855283,4.0,16.0,1.0,0.0
90,3.5063041994346644,6,0,6.0,6.0,13,185,0.33395876405844255,0.8671283778896834,1.0,10.0,4.0,16.0
91,3.5308067296796803,10,0,12.0,12.0,12,195,0.3636553772104044,0.9964036573670259,1.0,8.0,1.0,10.0
92,3.5553092599246954,6,0,14.0,14.0,11,203,0.399494116066266,1.1833884156807117,0.0,6.0,1.0,8.0
93,3.5798117901697113,8,0,12.0,12.0,11,209,0.4182115468130697,1.4026150436899025,2.0,4.0,0.0,6.0
94,3.604314320414727,8,0,16.0,16.0,9,213,0.4139097549322004,1.5154014027973077,2.0,13.0,2.0,4.0
95,3.628816850659743,10,0,16.0,16.0,11,200,0.38452874536635784,1.3862984037395438,0.0,2.0,2.0,13.0
96,3.653319380904759,8,0,18.0,18.0,11,198,0.32433633893077307,1.1458477609991886,2.0,1.0,0.0,2.0
97,3.677821911149774,8,0,14.0,14.0,13,199,0.27583672929000447,0.9373688393245403,3.0,8.0,2.0,1.0
98,3.70232444139479,8,0,10.0,10.0,10,207,0.2457953698125777,0.7865668469038228,1.0,22.0,3.0,8.0
99,3.726826971639806,8,0,14.0,14.0,9,229,0.21698632125679337,0.6807079134459185,0.0,3.0,1.0,22.0
100,3.751329501884822,8,0,12.0,12.0,9,226,0.19726723984650732,0.6058579090638891,0.0,8.0,0.0,3.0
101,3.7758320321298378,6,0,10.0,10.0,9,234,0.17976674566738304,0.5524524092584064,1.0,3.0,0.0,8.0
102,3.800334562374853,6,0,10.0,10.0,10,231,0.172356220092587,0.5144925906869828,1.0,3.0,1.0,3.0
103,3.8248370926198687,6,0,6.0,6.0,9,234,0.1693445891042586,0.4878501229489368,1.0,6.0,1.0,3.0
104,3.8493396228648846,6,0,4.0,4.0,10,228,0.16791088007047397,0.46958036253325186,1.0,17.0,1.0,6.0
105,3.8738421531099005,8,0,8.0,8.0,11,211,0.1663361458902989,0.4581818041942719,2.0,2.0,1.0,17.0
106,3.8983446833549165,8,0,16.0,16.0,9,213,0.16751665617766623,0.4530911943237769,1.0,17.0,2.0,2.0
107,3.9228472135999315,8,0,12.0,12.0,10,230,0.16669381917329695,0.45420034127926706,1.0,23.0,1.0,17.0
108,3.9473497438449474,10,0,12.0,12.0,9,253,0.1618883254968838,0.4618436980475168,0.0,12.0,1.0,23.0
109,3.9718522740899633,8,0,14.0,14.0,9,265,0.16104607616671543,0.4770461281279341,1.0,10.0,0.0,12.0
110,3.9963548043349792,10,0,14.0,14.0,8,275,0.15971514715378132,0.5020236691615126,2.0,6.0,1.0,10.0
111,4.020857334579995,10,0,12.0,12.0,10,281,0.16409689817000978,0.5412419878346696,1.0,45.0,2.0,6.0
112,4.04535986482501,10,0,18.0,18.0,9,236,0.18650190820306803,0.602187694835486,2.0,2.0,1.0,45.0
113,4.069862395070026,8,0,12.0,12.0,11,234,0.21383108458295047,0.6945749621594577,2.0,23.0,2.0,2.0
114,4.094364925315042,8,0,14.0,14.0,9,257,0.26053050082808615,0.8196722464482249,1.0,19.0,2.0,23.0
115,4.118867455560058,8,0,14.0,14.0,10,238,0.36191208683580117,0.9370756421281385,1.0,3.0,1.0,19.0
116,4.143369985805074,8,0,10.0,10.0,9,235,0.43542631386852215,0.9766311284169109,3.0,15.0,1.0,3.0
117,4.167872516050089,10,0,14.0,14.0,12,250,0.43644258536432895,0.9879906965504195,3.0,10.0,3.0,15.0
118,4.192375046295105,10,0,14.0,14.0,15,260,0.4428234568617872,1.0560263525403613,0.0,11.0,3.0,10.0
119,4.216877576540121,10,0,16.0,16.0,15,249,0.4430151146091709,1.1775044255379243,2.0,3.0,0.0,11.0
120,4.241380106785137,10,0,16.0,16.0,13,246,0.3996244155140099,1.236457165569272,1.0,4.0,2.0,3.0
121,4.265882637030153,16,0,16.0,16.0,12,242,0.32897326468870486,1.1226483629623918,1.0,5.0,1.0,4.0
122,4.290385167275168,18,0,26.0,26.0,11,247,0.2807384480010627,0.9318793494541316,3.0,1.0,1.0,5.0
123,4.3148876975201835,14,0,28.0,28.0,14,248,0.2555951882967122,0.7714150218675703,0.0,4.0,3.0,1.0
124,4.3393902277651994,14,0,20.0,20.0,14,244,0.23163476998916793,0.6601324068128333,0.0,2.0,0.0,4.0
125,4.363892758010215,14,0,14.0,14.0,14,246,0.2166317164223314,0.5899163846510804,0.0,3.0,0.0,2.0
126,4.388395288255231,14,0,22.0,22.0,14,249,0.21341437689304538,0.5534024674416843,2.0,14.0,0.0,3.0
127,4.412897818500246,12,0,20.0,20.0,16,263,0.21794441489187857,0.5476665201281647,2.0,30.0,2.0,14.0
128,4.437400348745262,10,0,14.0,14.0,14,293,0.2171953960478441,0.5680724573448042,1.0,19.0,2.0,30.0
129,4.461902878990278,12,0,20.0,20.0,13,274,0.2109342046281333,0.5869672595158956,1.0,10.0,1.0,19.0
130,4.486405409235294,14,0,22.0,22.0,12,284,0.17198591205067576,0.5553613484103134,2.0,18.0,1.0,10.0
131,4.51090793948031,14,0,26.0,26.0,14,302,0.15046706065440027,0.48973178125329697,0.0,13.0,2.0,18.0
132,4.535410469725325,16,0,28.0,28.0,14,315,0.14263697675699163,0.4339737856656854,1.0,12.0,0.0,13.0
133,4.559912999970341,14,0,22.0,22.0,15,327,0.13677764383962235,0.3949931597657673,1.0,6.0,1.0,12.0
134,4.584415530215357,14,0,20.0,20.0,16,333,0.13374890798920663,0.3684748577035069,1.0,13.0,1.0,6.0
135,4.608918060460373,14,0,14.0,14.0,17,320,0.13423955519142547,0.3503793437795702,1.0,3.0,1.0,13.0
136,4.633420590705389,16,0,10.0,10.0,16,323,0.13242527569699927,0.338146184850637,1.0,2.0,1.0,3.0
137,4.657923120950404,16,0,16.0,16.0,15,325,0.12980478492914163,0.330257838270795,0.0,9.0,1.0,2.0
138,4.68242565119542,16,0,12.0,12.0,15,316,0.1275899776190929,0.3258427780222141,1.0,4.0,0.0,9.0
139,4.706928181440436,16,0,12.0,12.0,14,312,0.12980760967527816,0.324442343542751,2.0,1.0,1.0,4.0
140,4.7314307116854515,16,0,14.0,14.0,16,311,0.13245708278770882,0.32581309484150134,1.0,2.0,2.0,1.0
141,4.755933241930467,16,0,14.0,14.0,15,309,0.1358578278034133,0.32994601843429816,1.0,1.0,1.0,2.0
142,4.780435772175482,16,0,16.0,16.0,16,310,0.13959379283632942,0.3370413064888407,1.0,7.0,1.0,1.0
143,4.804938302420498,16,0,10.0,10.0,15,317,0.14200711617592812,0.34750714430127605,1.0,10.0,1.0,7.0
144,4.829440832665514,16,0,14.0,14.0,16,327,0.14914838893499302,0.36204888754786374,1.0,2.0,1.0,10.0
145,4.85394336291053,16,0,24.0,24.0,15,329,0.1564701590351029,0.3818088951514662,1.0,4.0,1.0,2.0
146,4.878445893155546,14,0,10.0,10.0,14,325,0.16881435897592875,0.4085381532231358,1.0,9.0,1.0,4.0
147,4.902948423400561,14,0,18.0,18.0,15,316,0.1831340583391853,0.4448319273500353,1.0,3.0,1.0,9.0
148,4.927450953645577,14,0,22.0,22.0,16,313,0.20269668130883906,0.49477086090787153,1.0,5.0,1.0,3.0
149,4.951953483890593,14,0,20.0,20.0,15,308,0.22632476709912033,0.5641196330998228,0.0,9.0,1.0,5.0
150,4.976456014135609,14,0,16.0,16.0,15,299,0.27442813589734644,0.6556412876109778,2.0,10.0,0.0,9.0
151,5.000958544380625,16,0,24.0,24.0,13,289,0.3288081105931884,0.7538192476311639,0.0,8.0,2.0,10.0
152,5.02546107462564,16,0,22.0,22.0,13,281,0.3531423551470774,0.8422843667366432,1.0,4.0,0.0,8.0
153,5.049963604870656,16,0,28.0,28.0,14,285,0.3786098479641956,0.9619242294349726,1.0,3.0,1.0,4.0
154,5.074466135115672,20,0,24.0,24.0,15,282,0.42008705168815796,1.1190218298530132,1.0,59.0,1.0,3.0
155,5.098968665360688,20,0,36.0,36.0,14,341,0.44009037080117236,1.1979799505506676,2.0,21.0,1.0,59.0
156,5.1234711956057035,20,0,30.0,30.0,16,320,0.3952249060764465,1.0881687690824393,2.0,13.0,2.0,21.0
157,5.1479737258507186,20,0,28.0,28.0,18,307,0.3185369393193458,0.89518475520627,3.0,24.0,2.0,13.0
158,5.1724762560957345,18,0,28.0,28.0,15,283,0.24575583206105753,0.7303587306877355,1.0,11.0,3.0,24.0
159,5.19697878634075,20,0,28.0,28.0,16,294,0.19559259682493024,0.6130390676970744,3.0,0.0,1.0,11.0
160,5.221481316585766,20,0,32.0,32.0,13,294,0.16336382469191343,0.533759446011449,3.0,16.0,3.0,0.0
161,5.245983846830782,18,0,30.0,30.0,16,310,0.15188147243671343,0.48264853445110817,2.0,10.0,3.0,16.0
162,5.270486377075797,14,0,26.0,26.0,18,320,0.15023615159458076,0.45384521278992546,2.0,3.0,2.0,10.0
163,5.294988907320813,16,0,16.0,16.0,16,317,0.15393477804117128,0.44460083092003644,4.0,14.0,2.0,3.0
164,5.319491437565829,16,0,22.0,22.0,20,331,0.1527264017877359,0.45690288023514075,2.0,11.0,4.0,14.0
165,5.343993967810845,22,0,32.0,32.0,18,320,0.18235275934207978,0.49443897428752104,1.0,9.0,2.0,11.0
166,5.368496498055861,18,0,24.0,24.0,19,329,0.2087253874387927,0.5432080156015563,0.0,5.0,1.0,9.0
167,5.392999028300877,18,0,28.0,28.0,19,334,0.2281972308977181,0.5507042072955758,2.0,16.0,0.0,5.0
168,5.417501558545893,16,0,24.0,24.0,21,350,0.20152987726364008,0.5013014976470735,1.0,25.0,2.0,16.0
169,5.442004088790908,14,0,18.0,18.0,22,375,0.16975323704398732,0.44866090686305155,4.0,13.0,1.0,25.0
170,5.466506619035924,24,0,26.0,26.0,18,362,0.16017224097135768,0.41778570418618505,3.0,4.0,4.0,13.0
171,5.49100914928094,26,0,28.0,28.0,21,358,0.16495571458087185,0.40428942799982254,2.0,0.0,3.0,4.0
172,5.515511679525956,26,0,30.0,30.0,23,358,0.17041354360276892,0.40176583016844863,0.0,0.0,2.0,0.0
173,5.5400142097709715,24,0,20.0,20.0,23,358,0.17726938736470904,0.40775975314119417,1.0,3.0,0.0,0.0
174,5.5645167400159865,24,0,18.0,18.0,24,361,0.1837162464608417,0.42181035401246086,3.0,16.0,1.0,3.0
175,5.589019270261002,24,0,26.0,26.0,21,377,0.19147854088130684,0.44474978296169154,2.0,11.0,3.0,16.0
176,5.613521800506018,24,0,22.0,22.0,23,388,0.20391032946367402,0.47725631655509776,1.0,4.0,2.0,11.0
177,5.638024330751034,22,0,28.0,28.0,24,384,0.214980284841588,0.5158407167663325,6.0,5.0,1.0,4.0
178,5.66252686099605,24,0,36.0,36.0,18,379,0.2138354816283241,0.5512893202456491,1.0,8.0,6.0,5.0
179,5.687029391241065,26,0,36.0,36.0,19,387,0.2400255985891499,0.5873271721532428,1.0,2.0,1.0,8.0
180,5.711531921486081,24,0,36.0,36.0,20,385,0.27709968655592043,0.6394443272410919,1.0,2.0,1.0,2.0
181,5.736034451731097,24,0,34.0,34.0,21,387,0.31314615903403287,0.7196915599547076,0.0,8.0,1.0,2.0
182,5.760536981976113,26,0,35.0,35.0,21,395,0.3546169694760937,0.8387923101096341,3.0,1.0,0.0,8.0
183,5.785039512221129,28,0,42.0,42.0,24,394,0.41169671349426823,1.003362954115222,1.0,3.0,3.0,1.0
184,5.809542042466144,28,0,38.0,38.0,25,397,0.47191356318739075,1.1830287768528627,0.0,10.0,1.0,3.0
185,5.83404457271116,28,0,48.0,48.0,25,387,0.4913234053831177,1.2532041248437251,1.0,5.0,0.0,10.0
186,5.858547102956176,26,0,42.0,42.0,24,382,0.42874039756550497,1.1397347349637084,1.0,3.0,1.0,5.0
187,5.883049633201192,20,0,30.0,30.0,25,379,0.3765207625471247,0.978088891879529,4.0,10.0,1.0,3.0
188,5.907552163446208,20,0,32.0,32.0,21,389,0.3496994386154718,0.863162750789328,4.0,13.0,4.0,10.0
189,5.932054693691223,20,0,30.0,30.0,17,402,0.3170141352608289,0.8052900795422692,4.0,14.0,4.0,13.0
190,5.9565572239362385,20,0,26.0,26.0,21,416,0.295524388365295,0.7981518670645009,2.0,10.0,4.0,14.0
191,5.9810597541812545,22,0,30.0,30.0,23,426,0.29901441478375496,0.8416662289519339,12.0,23.0,2.0,10.0
192,6.00556228442627,24,0,34.0,34.0,35,403,0.3432379142290634,0.9440471919012033,8.0,4.0,12.0,23.0
193,6.030064814671286,26,0,30.0,30.0,27,407,0.409371701578531,1.1112583941304097,1.0,2.0,8.0,4.0
194,6.054567344916301,24,0,36.0,36.0,28,405,0.4794695343151327,1.32537834912281,3.0,1.0,1.0,2.0
195,6.079069875161317,26,0,22.0,22.0,31,404,0.5350017691690067,1.4691936284486948,7.0,5.0,3.0,1.0
196,6.103572405406333,30,0,44.0,44.0,24,399,0.5176963424648383,1.393896042504593,3.0,3.0,7.0,5.0
197,6.128074935651349,26,0,40.0,40.0,27,396,0.4813497519036291,1.195493499932912,4.0,20.0,3.0,3.0
198,6.152577465896365,30,0,34.0,34.0,31,416,0.4099107734777048,1.0269508915201966,5.0,16.0,4.0,20.0
199,6.17707999614138,32,0,38.0,38.0,26,432,0.39091756771368447,0.9293946700275987,3.0,11.0,5.0,16.0
200,6.201582526386396,30,0,40.0,40.0,29,443,0.38864635735085734,0.8979315046523008,0.0,8.0,3.0,11.0
201,6.226085056631412,32,0,28.0,28.0,29,435,0.3916414797353302,0.9245029974281382,1.0,11.0,0.0,8.0
202,6.250587586876428,32,0,36.0,36.0,30,446,0.40340702933515105,1.0120699203702173,4.0,1.0,1.0,11.0
203,6.275090117121444,34,0,48.0,48.0,26,447,0.4508457981990284,1.1683140618254224,0.0,7.0,4.0,1.0
204,6.299592647366459,30,0,38.0,38.0,26,440,0.5262336675615976,1.37775487622223,3.0,16.0,0.0,7.0
205,6.324095177611475,28,0,30.0,30.0,23,424,0.6185978257901787,1.5426087977953633,1.0,12.0,3.0,16.0
206,6.348597707856491,28,0,42.0,42.0,22,412,0.6792449598352255,1.576776987071575,0.0,7.0,1.0,12.0
207,6.3731002381015065,28,0,42.0,42.0,22,419,0.687159832638666,1.5936988741751077,3.0,4.0,0.0,7.0
208,6.397602768346522,28,0,36.0,36.0,19,423,0.6350029941755364,1.6062683810953355,2.0,5.0,3.0,4.0
209,6.4221052985915374,26,0,34.0,34.0,21,428,0.5570285016750296,1.4680641927069302,2.0,0.0,2.0,5.0
210,6.446607828836553,24,0,36.0,36.0,23,428,0.47552555383213674,1.2294576270602804,1.0,5.0,2.0,0.0
211,6.471110359081569,24,0,28.0,28.0,24,433,0.40558744992704227,1.0208446488349177,3.0,2.0,1.0,5.0
212,6.495612889326585,24,0,26.0,26.0,27,435,0.35673865130228566,0.8740643731314864,1.0,0.0,3.0,2.0
213,6.520115419571601,26,0,32.0,32.0,26,435,0.3177499176824081,0.7789457678748571,2.0,8.0,1.0,0.0
214,6.544617949816616,28,0,24.0,24.0,24,443,0.28268907435181745,0.7237282700451834,0.0,0.0,2.0,8.0
215,6.569120480061632,28,0,32.0,32.0,24,443,0.26696438553436563,0.7021241204560017,2.0,2.0,0.0,0.0
216,6.593623010306648,32,0,40.0,40.0,26,441,0.2591866228903384,0.7146313232372457,4.0,4.0,2.0,2.0
217,6.618125540551664,28,0,32.0,32.0,30,437,0.2710175832827113,0.7678444728029759,2.0,21.0,4.0,4.0
218,6.64262807079668,26,0,34.0,34.0,32,458,0.30233742369127714,0.8714797430460676,1.0,23.0,2.0,21.0
219,6.667130601041695,30,0,34.0,34.0,33,481,0.33941591675099153,1.029964678594455,1.0,18.0,1.0,23.0
220,6.691633131286711,32,0,40.0,40.0,32,463,0.38922220718466743,1.1968405054917826,4.0,26.0,1.0,18.0
221,6.716135661531727,34,0,42.0,42.0,28,489,0.39885955225572495,1.2306733073924137,1.0,10.0,4.0,26.0
222,6.740638191776743,42,0,56.0,56.0,27,479,0.3718567031982535,1.0872059395071199,0.0,12.0,1.0,10.0
223,6.7651407220217585,38,0,52.0,52.0,27,467,0.33346195513817295,0.9046423628786937,1.0,11.0,0.0,12.0
224,6.789643252266774,36,0,40.0,40.0,26,456,0.29331028929459524,0.7605306550725314,1.0,1.0,1.0,11.0
225,6.8141457825117895,36,0,30.0,30.0,25,455,0.26699692801417263,0.6596817514370122,3.0,2.0,1.0,1.0
226,6.838648312756805,34,0,30.0,30.0,28,453,0.2518718185678363,0.5915071774044269,2.0,0.0,3.0,2.0
227,6.863150843001821,36,0,28.0,28.0,26,453,0.2360729594354778,0.5471090895556262,0.0,1.0,2.0,0.0
228,6.887653373246837,34,0,42.0,42.0,26,452,0.22920872334624506,0.5210649173711329,2.0,10.0,0.0,1.0
229,6.912155903491852,36,0,36.0,36.0,24,462,0.2140261128404853,0.5106882117050447,0.0,11.0,2.0,10.0
230,6.936658433736868,34,0,36.0,36.0,24,473,0.21361092295402687,0.515775977389897,2.0,25.0,0.0,11.0
231,6.961160963981884,36,0,34.0,34.0,26,498,0.22536866874558895,0.5384745884036688,0.0,9.0,2.0,25.0
232,6.9856634942269,34,0,50.0,50.0,26,507,0.23638459588699415,0.5836538072351174,4.0,8.0,0.0,9.0
233,7.010166024471916,30,0,38.0,38.0,30,499,0.2667111926061327,0.6576600256988023,1.0,24.0,4.0,8.0
234,7.034668554716931,32,0,28.0,28.0,29,475,0.2975406396721285,0.7601527292959024,7.0,19.0,1.0,24.0
235,7.059171084961947,36,0,48.0,48.0,36,456,0.3076520691124558,0.8544579436713831,2.0,12.0,7.0,19.0
236,7.083673615206963,34,0,58.0,58.0,34,468,0.298370948359402,0.8622168408946649,4.0,29.0,2.0,12.0
237,7.108176145451979,40,0,60.0,60.0,38,497,0.28730630380331507,0.7957523128797808,6.0,2.0,4.0,29.0
238,7.132678675696995,40,0,60.0,60.0,32,495,0.2785994108583655,0.7463716018562081,2.0,27.0,6.0,2.0
239,7.15718120594201,38,0,52.0,52.0,30,468,0.30489180111071434,0.756233109340504,2.0,11.0,2.0,27.0
240,7.181683736187026,38,0,46.0,46.0,28,479,0.35244835485460035,0.8217571322251158,3.0,15.0,2.0,11.0
241,7.2061862664320415,38,0,54.0,54.0,31,494,0.38419094673323373,0.9079995676020733,5.0,6.0,3.0,15.0
242,7.230688796677057,36,0,44.0,44.0,36,500,0.3763098988465668,0.9848567196861331,6.0,11.0,5.0,6.0
243,7.255191326922073,36,0,44.0,44.0,42,489,0.37636218799070115,1.0816618206190036,5.0,13.0,6.0,11.0
244,7.279693857167088,34,0,52.0,52.0,37,502,0.3958918067313274,1.1366128894825662,2.0,20.0,5.0,13.0
245,7.304196387412104,34,0,40.0,40.0,35,522,0.38171116226692886,1.0410031763373544,1.0,6.0,2.0,20.0
246,7.32869891765712,34,0,40.0,40.0,34,516,0.3414003124917244,0.8709698791058637,3.0,32.0,1.0,6.0
247,7.353201447902136,34,0,36.0,36.0,37,484,0.2859972208996512,0.7230911748589759,4.0,9.0,3.0,32.0
248,7.377703978147152,32,0,24.0,24.0,33,493,0.2493305079461643,0.615335462319647,0.0,4.0,4.0,9.0
249,7.402206508392167,28,0,22.0,22.0,33,489,0.21932020176160363,0.5394751544026397,2.0,9.0,0.0,4.0
250,7.426709038637183,30,0,18.0,18.0,31,498,0.19946532742936815,0.48620425385867644,0.0,4.0,2.0,9.0
251,7.451211568882199,36,0,28.0,28.0,31,494,0.18503528690410162,0.44912138849560923,1.0,3.0,0.0,4.0
252,7.475714099127215,36,0,32.0,32.0,30,497,0.17048007398462284,0.4242319417326419,1.0,7.0,1.0,3.0
253,7.500216629372231,34,0,22.0,22.0,31,504,0.16105073383050267,0.4093610454872428,1.0,0.0,1.0,7.0
254,7.524719159617246,34,0,34.0,34.0,30,504,0.15204709517849596,0.4038955647323495,2.0,7.0,1.0,0.0
255,7.549221689862262,32,0,26.0,26.0,32,511,0.15294682239395788,0.4086336836389701,2.0,12.0,2.0,7.0
256,7.573724220107278,34,0,44.0,44.0,30,523,0.16232713452102215,0.4256434931499957,6.0,0.0,2.0,12.0
257,7.598226750352294,36,0,54.0,54.0,36,523,0.17174462702741491,0.45333771772208054,3.0,5.0,6.0,0.0
258,7.6227292805973095,42,0,56.0,56.0,39,528,0.1852385867320774,0.47808592528549615,0.0,1.0,3.0,5.0
259,7.6472318108423245,44,0,46.0,46.0,39,529,0.18756304157121031,0.49590876305397835,9.0,9.0,0.0,1.0
260,7.67173434108734,46,0,56.0,56.0,48,538,0.202670554989467,0.5272249770619207,6.0,5.0,9.0,9.0
261,7.696236871332356,42,0,40.0,40.0,54,543,0.2224570156358661,0.5847618560580122,1.0,2.0,6.0,5.0
262,7.720739401577372,42,0,32.0,32.0,55,541,0.2469595905792945,0.6759325772077414,5.0,0.0,1.0,2.0
263,7.745241931822388,44,0,30.0,30.0,50,541,0.2907752513699835,0.8113902995346299,6.0,1.0,5.0,0.0
264,7.769744462067403,46,0,50.0,50.0,56,540,0.35259330521689836,0.9956916162724893,2.0,7.0,6.0,1.0
265,7.794246992312419,46,0,48.0,48.0,54,547,0.43390610472280644,1.1809404945932733,11.0,10.0,2.0,7.0
266,7.818749522557435,48,0,46.0,46.0,43,557,0.46144620710807377,1.220988610317161,5.0,6.0,11.0,10.0
267,7.843252052802451,48,0,60.0,60.0,38,551,0.42052060868546937,1.0775346425669488,5.0,7.0,5.0,6.0
268,7.867754583047467,48,0,48.0,48.0,33,544,0.3542026337195471,0.8975747990463826,0.0,1.0,5.0,7.0
269,7.892257113292482,48,0,46.0,46.0,33,545,0.3093758749156055,0.7630859049181812,2.0,6.0,0.0,1.0
270,7.916759643537498,48,0,36.0,36.0,35,551,0.27871033017080593,0.6815110046126458,7.0,3.0,2.0,6.0
271,7.941262173782514,46,0,42.0,42.0,42,548,0.27800236289446717,0.6459249920597976,6.0,4.0,7.0,3.0
272,7.96576470402753,46,0,44.0,44.0,48,552,0.28110638759770545,0.6528660198177495,3.0,1.0,6.0,4.0
273,7.990267234272546,44,0,32.0,32.0,51,553,0.29674676310637976,0.7044360299822222,1.0,0.0,3.0,1.0
274,8.01476976451756,44,0,44.0,44.0,52,553,0.3227752081629019,0.8027792237049957,16.0,3.0,1.0,0.0
275,8.039272294762576,46,0,44.0,44.0,68,550,0.3519898025045407,0.9241259095772832,1.0,16.0,16.0,3.0
276,8.063774825007592,48,0,47.0,47.0,69,566,0.33795550646768546,0.970840393855031,18.0,13.0,1.0,16.0
277,8.088277355252607,48,0,66.0,66.0,87,579,0.27790718243922713,0.8709072542264599,3.0,9.0,18.0,13.0
278,8.112779885497623,46,0,57.0,57.0,84,588,0.22854000784461662,0.7184195582171454,1.0,1.0,3.0,9.0
279,8.13728241574264,48,0,50.0,50.0,85,589,0.1968158580268671,0.5924661248855319,6.0,4.0,1.0,1.0
280,8.161784945987655,50,0,50.0,50.0,79,593,0.17270719247640426,0.5023884639823164,12.0,2.0,6.0,4.0
281,8.186287476232671,50,0,48.0,48.0,67,591,0.1569788632986319,0.43933121149135523,1.0,9.0,12.0,2.0
282,8.210790006477687,48,0,28.0,28.0,68,582,0.14520496702342156,0.39491832298920637,14.0,4.0,1.0,9.0
283,8.235292536722703,44,0,22.0,22.0,54,578,0.1387538409718535,0.36356165060400547,4.0,4.0,14.0,4.0
284,8.259795066967717,46,0,34.0,34.0,50,574,0.13347017112707568,0.342111316962795,4.0,6.0,4.0,4.0
285,8.284297597212733,46,0,34.0,34.0,46,568,0.13211196969189432,0.32881827396961655,4.0,4.0,4.0,6.0
286,8.308800127457749,44,0,20.0,20.0,42,564,0.133665310289062,0.3230635266930263,1.0,3.0,4.0,4.0
287,8.333302657702765,48,0,36.0,36.0,41,561,0.13855190456708275,0.3252028350393831,3.0,2.0,1.0,3.0
288,8.35780518794778,48,0,24.0,24.0,38,559,0.1461340810002518,0.33663306995591,2.0,6.0,3.0,2.0
289,8.382307718192797,48,0,22.0,22.0,36,553,0.1555801830902929,0.3600440787619612,0.0,3.0,2.0,6.0
290,8.406810248437813,50,0,40.0,40.0,36,550,0.16764035475513409,0.39980748111152153,1.0,23.0,0.0,3.0
291,8.431312778682829,58,0,42.0,42.0,37,573,0.17958084610204605,0.4606937471162378,2.0,23.0,1.0,23.0
292,8.455815308927844,58,0,48.0,48.0,35,596,0.19815462263266945,0.5382615967583249,3.0,1.0,2.0,23.0
293,8.48031783917286,54,0,66.0,66.0,32,595,0.20392652292560365,0.5920821666116303,2.0,2.0,3.0,1.0
294,8.504820369417875,50,0,70.0,70.0,30,597,0.2019891143349586,0.5683611901513457,3.0,1.0,2.0,2.0
295,8.52932289966289,42,0,64.0,64.0,27,596,0.19843294548290952,0.5052174415545558,1.0,7.0,3.0,1.0
296,8.553825429907906,44,0,56.0,56.0,28,603,0.1987658883937225,0.46391289992271345,4.0,2.0,1.0,7.0
297,8.578327960152922,46,0,48.0,48.0,32,601,0.20533738787814707,0.4547487875891738,1.0,4.0,4.0,2.0
298,8.602830490397938,46,0,52.0,52.0,33,605,0.19219932387651395,0.44184111176943874,2.0,9.0,1.0,4.0
299,8.627333020642954,50,0,60.0,60.0,35,614,0.15668931106754846,0.39151283051242924,3.0,5.0,2.0,9.0
300,8.65183555088797,52,0,68.0,68.0,38,609,0.12475708119261912,0.32957067096075066,7.0,6.0,3.0,5.0
301,8.676338081132986,46,0,58.0,58.0,45,603,0.10418862396601322,0.2805784199381549,2.0,14.0,7.0,6.0
302,8.700840611378002,44,0,48.0,48.0,47,589,0.08998576400246039,0.24576421837940865,3.0,3.0,2.0,14.0
303,8.725343141623018,44,0,42.0,42.0,50,586,0.07900962406707501,0.2208620299364383,1.0,2.0,3.0,3.0
304,8.749845671868032,40,0,38.0,38.0,49,584,0.07075233593686878,0.2025270119756024,2.0,8.0,1.0,2.0
305,8.774348202113048,40,0,36.0,36.0,47,592,0.06650745053683571,0.18863884618910548,2.0,4.0,2.0,8.0
306,8.798850732358064,40,0,28.0,28.0,49,588,0.0620954100903623,0.1778787752772628,0.0,1.0,2.0,4.0
307,8.82335326260308,40,0,26.0,26.0,49,589,0.05861705187171205,0.16940548623528828,7.0,8.0,0.0,1.0
308,8.847855792848096,40,0,28.0,28.0,42,597,0.05689340773106926,0.16266312355764823,1.0,3.0,7.0,8.0
309,8.872358323093112,42,0,28.0,28.0,43,594,0.055735540270158535,0.15732696472047572,2.0,1.0,1.0,3.0
310,8.896860853338127,42,0,26.0,26.0,45,593,0.055213480076224015,0.1532091410617365,3.0,10.0,2.0,1.0
311,8.921363383583143,42,0,22.0,22.0,42,603,0.053854394057848615,0.15023328036418404,3.0,4.0,3.0,10.0
312,8.94586591382816,46,0,24.0,24.0,45,599,0.05367267193199444,0.1483844827785471,1.0,5.0,3.0,4.0
313,8.970368444073175,52,0,26.0,26.0,44,604,0.0542141837034492,0.14773008560457646,2.0,3.0,1.0,5.0
314,8.99487097431819,52,0,41.0,41.0,42,607,0.053318039284475836,0.14843636402287877,1.0,3.0,2.0,3.0
315,9.019373504563205,56,0,42.0,42.0,41,610,0.0543755783548694,0.15080224043840473,1.0,7.0,1.0,3.0
316,9.043876034808221,56,0,40.0,40.0,40,617,0.05381553503509155,0.15533867691399736,1.0,4.0,1.0,7.0
317,9.068378565053237,54,0,26.0,26.0,39,621,0.055281706280979004,0.16284249226387823,8.0,19.0,1.0,4.0
318,9.092881095298253,56,0,48.0,48.0,47,640,0.056377794421102696,0.17458935101124812,10.0,3.0,8.0,19.0
319,9.117383625543269,52,0,54.0,54.0,57,643,0.058975199961081484,0.1926621353637311,23.0,17.0,10.0,3.0
320,9.141886155788285,50,0,44.0,44.0,80,660,0.06382184920673027,0.2202385969144028,15.0,6.0,23.0,17.0
321,9.1663886860333,52,0,62.0,62.0,95,666,0.07536353194364047,0.26120976591248685,23.0,4.0,15.0,6.0
322,9.190891216278317,52,0,65.0,65.0,118,662,0.08792833816635098,0.3134190392682192,3.0,27.0,23.0,4.0
323,9.215393746523333,48,0,83.0,83.0,121,635,0.10451856414901833,0.35042167724752055,10.0,106.0,3.0,27.0
324,9.239896276768347,58,0,74.0,74.0,111,529,0.11043930290480433,0.33388135109082645,18.0,117.0,10.0,106.0
325,9.264398807013363,60,0,70.0,70.0,93,646,0.09769775881965408,0.2833953898886221,19.0,6.0,18.0,117.0
326,9.288901337258379,60,0,54.0,54.0,74,652,0.08641499297613842,0.2356350236452845,13.0,1.0,19.0,6.0
327,9.313403867503395,58,0,34.0,34.0,61,653,0.07703145922879617,0.19999329758511883,10.0,3.0,13.0,1.0
328,9.33790639774841,56,0,30.0,30.0,51,650,0.06880999713575195,0.1744794391142044,1.0,0.0,10.0,3.0
329,9.362408927993426,52,0,26.0,26.0,50,650,0.06108831298882621,0.1559817930166681,7.0,0.0,1.0,0.0
330,9.386911458238442,52,0,26.0,26.0,43,650,0.054813408496538506,0.14224648674533436,2.0,1.0,7.0,0.0
331,9.411413988483458,52,0,18.0,18.0,45,649,0.05045199487068546,0.13181175451055877,3.0,1.0,2.0,1.0
332,9.435916518728474,52,0,18.0,18.0,48,650,0.04665043287482483,0.12375409750285118,3.0,6.0,3.0,1.0
333,9.46041904897349,50,0,28.0,28.0,45,644,0.0433716051640021,0.11752692068023712,2.0,8.0,3.0,6.0
334,9.484921579218506,50,0,16.0,16.0,43,636,0.04119324678188674,0.1126538628134805,1.0,19.0,2.0,8.0
335,9.509424109463522,52,0,24.0,24.0,42,617,0.04015373669289522,0.10884041414197668,0.0,2.0,1.0,19.0
336,9.533926639708538,54,0,18.0,18.0,42,615,0.0397869640607071,0.10592204311518483,3.0,6.0,0.0,2.0
337,9.558429169953552,54,0,22.0,22.0,39,609,0.0390602815988176,0.10378355517339537,2.0,7.0,3.0,6.0
338,9.582931700198568,54,0,24.0,24.0,41,602,0.038815207345289454,0.10235724120011575,1.0,4.0,2.0,7.0
339,9.607434230443584,54,0,24.0,24.0,42,606,0.039081184780331034,0.10163519390341436,2.0,2.0,1.0,4.0
340,9.6319367606886,58,0,32.0,32.0,44,608,0.0386249695644171,0.10167373124038115,4.0,10.0,2.0,2.0
341,9.656439290933616,58,0,30.0,30.0,48,618,0.03921572951056581,0.10260351733156754,5.0,2.0,4.0,10.0
342,9.680941821178632,58,0,42.0,42.0,43,620,0.03908645382526595,0.10463329344801296,1.0,17.0,5.0,2.0
343,9.705444351423647,60,0,18.0,18.0,42,637,0.04012498091171559,0.10807206691293528,1.0,12.0,1.0,17.0
344,9.729946881668663,60,0,30.0,30.0,41,649,0.04157454995676461,0.11337774435634694,2.0,21.0,1.0,12.0
345,9.75444941191368,60,0,22.0,22.0,43,670,0.04358587488700646,0.12126380988425291,2.0,14.0,2.0,21.0
346,9.778951942158695,60,0,28.0,28.0,41,684,0.046424065079421685,0.13281430387111912,4.0,9.0,2.0,14.0
347,9.80345447240371,66,0,34.0,34.0,45,693,0.04898264571915433,0.1497386338691038,9.0,6.0,4.0,9.0
348,9.827957002648725,66,0,52.0,52.0,54,699,0.05263743384368821,0.17443578301761062,7.0,3.0,9.0,6.0
349,9.852459532893741,64,0,64.0,64.0,47,702,0.057641773495496096,0.20881752152247465,3.0,0.0,7.0,3.0
350,9.876962063138757,60,0,88.0,88.0,50,702,0.060608572468298774,0.24750498169522397,1.0,0.0,3.0,0.0
351,9.901464593383773,50,0,84.0,84.0,49,702,0.061246681359276384,0.26470326058981475,1.0,10.0,1.0,0.0
352,9.925967123628789,44,0,54.0,54.0,50,692,0.05974906630908599,0.24080668295356047,1.0,64.0,1.0,10.0
353,9.950469653873805,56,0,48.0,48.0,49,628,0.05580263583187993,0.20074944677088016,2.0,97.0,1.0,64.0
354,9.97497218411882,56,0,56.0,56.0,51,531,0.05113923149028196,0.16672864914437768,2.0,4.0,2.0,97.0
355,9.999474714363837,56,0,42.0,42.0,49,535,0.04668667436171214,0.1419677302953703,2.0,24.0,2.0,4.0
356,10.023977244608853,54,0,34.0,34.0,47,559,0.043329598404886725,0.12424663739631367,6.0,8.0,2.0,24.0
357,10.048479774853867,54,0,14.0,14.0,41,567,0.040469430982962386,0.11133552706136488,5.0,1.0,6.0,8.0
358,10.072982305098883,54,0,30.0,30.0,46,568,0.03771838915827108,0.10166897073999252,0.0,4.0,5.0,1.0
359,10.097484835343899,54,0,16.0,16.0,46,572,0.03531322924897991,0.09420846379715678,,,0.0,4.0
