predictor,lag_positive_means_predictor_leads,spearman_r
gap_collapse,-8,0.0057601981586817485
gap_collapse,-7,0.03198198257660059
gap_collapse,-6,0.051293906069149776
gap_collapse,-5,0.07515432161227328
gap_collapse,-4,0.0853455571112545
gap_collapse,-3,0.08792593157584863
gap_collapse,-2,0.07438073578590161
gap_collapse,-1,0.07450377367303819
gap_collapse,0,0.06251250700375748
gap_collapse,1,0.04732445822262914
gap_collapse,2,0.029896996787428992
gap_collapse,3,-0.002402949039959918
gap_collapse,4,-0.003575173965680558
gap_collapse,5,0.014918697750896687
gap_collapse,6,0.0453894955270804
gap_collapse,7,0.07624508742936321
gap_collapse,8,0.0810999849966868
dominance_loss,-8,0.04605318478066103
dominance_loss,-7,0.06395979112814357
dominance_loss,-6,0.07826694698129202
dominance_loss,-5,0.08628923202613732
dominance_loss,-4,0.08380099367324981
dominance_loss,-3,0.06887557432300427
dominance_loss,-2,0.04380477900400496
dominance_loss,-1,0.022781261128582152
dominance_loss,0,0.006455146704526373
dominance_loss,1,-0.007869999154306287
dominance_loss,2,-0.011373463061930452
dominance_loss,3,-0.01513465527095958
dominance_loss,4,-0.0013588374744540029
dominance_loss,5,0.01358764774791269
dominance_loss,6,0.03628163096100406
dominance_loss,7,0.060588567721309466
dominance_loss,8,0.06729722681904235
modal_entropy,-8,0.06333475555716166
modal_entropy,-7,0.07036666493839752
modal_entropy,-6,0.07650823325571621
modal_entropy,-5,0.07903483169183227
modal_entropy,-4,0.07542271301716719
modal_entropy,-3,0.06297130164886736
modal_entropy,-2,0.044970295015471236
modal_entropy,-1,0.02539077800515391
modal_entropy,0,0.005954896763479588
modal_entropy,1,-0.005921601305424634
modal_entropy,2,-0.009228331952084202
modal_entropy,3,-0.006423265215485395
modal_entropy,4,0.0033808344496673785
modal_entropy,5,0.008071218026568187
modal_entropy,6,0.01770535652644374
modal_entropy,7,0.024855183562827454
modal_entropy,8,0.026979487075684597
defect_count,-8,-0.0023193860636014124
defect_count,-7,-0.011096625185881066
defect_count,-6,-0.0224043688174628
defect_count,-5,-0.016629507231791938
defect_count,-4,-0.007636802587546956
defect_count,-3,0.01844758181275813
defect_count,-2,0.027984599670644185
defect_count,-1,0.03163238707680114
defect_count,0,0.03116355656699457
defect_count,1,0.026116430563030715
defect_count,2,0.022840833797230894
defect_count,3,0.031876161572427925
defect_count,4,0.036693828986189364
defect_count,5,0.029116140842072303
defect_count,6,0.025750855384761646
defect_count,7,0.0234231057204441
defect_count,8,0.01641146209794678
