step,frequency,leader_weight,runnerup_weight,leader_dominance,leader_gap,modal_entropy,defect_count,nodal_components,sign_edge_count,gap_collapse,dominance_loss,current_form_change,future_form_change,future_component_change
0,1.3010764773832475,1.9413657535373343,0.33387526163940956,0.5127386069146759,0.7065143785538923,0.5684884379463471,2,3,251,0.2934856214461077,0.4872613930853241,,15.0,1.0
1,1.322070292080051,2.2750065912325432,0.3395111451200596,0.5505539968025367,0.7402877476029696,0.5364230744960954,4,2,236,0.25971225239703044,0.4494460031974633,15.0,96.0,0.0
2,1.3430641067768545,2.724186907901436,0.34543501628084056,0.5929621500968928,0.7749331840774744,0.4988365264893207,4,2,140,0.22506681592252564,0.4070378499031072,96.0,140.0,1.0
3,1.364057921473658,3.321441620243321,0.3516671182374919,0.6381505635805655,0.8085179921011864,0.4567978820850564,2,1,0,0.19148200789881364,0.36184943641943446,140.0,0.0,1.0
4,1.3850517361704613,4.0285250738575655,0.3582296860504246,0.6798305875044421,0.8366766752842418,0.41605981426611205,2,2,0,0.16332332471575817,0.32016941249555786,0.0,0.0,0.0
5,1.406045550867265,4.545728259175843,0.3651471958264608,0.7039476094839335,0.8512903863385433,0.391423173015826,2,2,0,0.14870961366145674,0.29605239051606647,0.0,0.0,1.0
6,1.4270393655640683,4.397450674336341,0.3724466521432415,0.6953216675144964,0.8438345202628812,0.3997034236327925,2,1,0,0.1561654797371188,0.3046783324855036,0.0,0.0,1.0
7,1.4480331802608717,3.7184274302486333,0.3801579208381766,0.6568345290807723,0.8144931051698745,0.4369882717908358,0,2,0,0.1855068948301255,0.34316547091922767,0.0,0.0,1.0
8,1.4690269949576753,3.0016598204989764,0.38831411571914115,0.6050627363209248,0.7709043650333501,0.4844821289523429,0,3,0,0.22909563496664986,0.3949372636790752,0.0,0.0,0.0
9,1.4900208096544787,2.4362849312240447,0.39695204964547043,0.5520886605465462,0.7197890241262861,0.5298946741210281,0,3,0,0.2802109758737139,0.44791133945345385,0.0,0.0,1.0
10,1.511014624351282,2.0179301542797483,0.40611276280155345,0.5028921930960738,0.6649293954823715,0.5691830110598914,0,4,0,0.3350706045176285,0.4971078069039262,0.0,0.0,1.0
11,1.5320084390480857,1.7072729448846633,0.41584214398170033,0.45881558476561307,0.6082716889325681,0.6019617259654493,0,3,0,0.3917283110674319,0.541184415234387,0.0,57.0,1.0
12,1.553002253744889,1.4715599710728346,0.4261916645103526,0.4198038294554959,0.5508456886357709,0.6289681576430041,2,4,57,0.4491543113642291,0.5801961705445041,57.0,25.0,0.0
13,1.5739960684416925,1.2882862203436556,0.43721924928546974,0.38535139630850757,0.493227628679213,0.6511391428890958,2,4,82,0.506772371320787,0.6146486036914924,25.0,14.0,2.0
14,1.594989883138496,1.1424923725543479,0.44899031569134434,0.35485986278909964,0.435758467236271,0.6693288050302737,2,6,96,0.564241532763729,0.6451401372109004,14.0,4.0,0.0
15,1.6159836978352995,1.0241503209617393,0.46157901923742845,0.32776354814483116,0.3786499239820461,0.6842449387366356,2,6,100,0.6213500760179539,0.6722364518551689,4.0,4.0,1.0
16,1.6369775125321029,0.9263960511065754,0.47506975536889884,0.30356672465868606,0.32203874946668165,0.6964536979294377,2,5,104,0.6779612505333183,0.6964332753413139,4.0,18.0,1.0
17,1.6579713272289063,0.8444183533915891,0.48955898083016486,0.2818479959980661,0.26601604349480934,0.706401845942477,2,4,122,0.7339839565051907,0.7181520040019339,18.0,11.0,1.0
18,1.6789651419257097,0.7747653847334395,0.5051574364560794,0.2622533957603757,0.21064391056547846,0.7144402108911349,2,5,133,0.7893560894345215,0.7377466042396243,11.0,5.0,0.0
19,1.6999589566225133,0.7149063045884381,0.5219928780270078,0.24448653327549102,0.15596536021109753,0.7208437185475806,2,5,138,0.8440346397889025,0.7555134667245089,5.0,1.0,0.0
20,1.7209527713193167,0.6629485357745437,0.5402134552913597,0.2282988888857747,0.10201043699398339,0.7258272716681331,2,5,139,0.8979895630060166,0.7717011111142253,1.0,8.0,0.0
21,1.74194658601612,0.6174513454311688,0.5599919249490082,0.21348127986327536,0.04880016042183317,0.7295579211556867,2,5,147,0.9511998395781668,0.7865187201367246,8.0,12.0,0.0
22,1.7629404007129237,0.5815309464330195,0.5773002257292636,0.20132134267629823,0.003650851655864308,0.7321640196675209,2,5,135,0.9963491483441357,0.7986786573237018,12.0,6.0,0.0
23,1.783934215409727,0.6050697973100236,0.5416204735875966,0.20921312109999451,0.055332573522891546,0.7337419952862192,2,5,129,0.9446674264771084,0.7907868789000054,6.0,8.0,0.0
24,1.8049280301065305,0.6308929694019794,0.5097165782723467,0.21735245671219383,0.10623827529473877,0.7343612535103089,2,5,121,0.8937617247052613,0.7826475432878062,8.0,5.0,0.0
25,1.825921844803334,0.6593412845730449,0.48102894438772004,0.22580418498518282,0.15636355251734618,0.7340675835211979,2,5,116,0.8436364474826539,0.7741958150148172,5.0,10.0,0.0
26,1.8469156595001375,0.6908264271397611,0.45510248055577635,0.2346373877229398,0.20570555904556526,0.7328853293868136,2,5,106,0.7942944409544348,0.7653626122770603,10.0,2.0,1.0
27,1.8679094741969409,0.7258501697467838,0.43156345360749837,0.24392714057805207,0.25426235720849516,0.7308184898285607,2,4,104,0.7457376427915048,0.7560728594219479,2.0,4.0,0.0
28,1.8889032888937445,0.7650301377184793,0.41010219487988814,0.2537564730111384,0.3020323183975373,0.7278508266934148,2,4,100,0.6979676816024627,0.7462435269888616,4.0,4.0,1.0
29,1.9098971035905479,0.8091348209792032,0.39046001279013126,0.26421862741530927,0.3490135138991245,0.7239449861538335,4,3,96,0.6509864861008755,0.7357813725846907,4.0,6.0,0.0
30,1.9308909182873513,0.8591318801810455,0.37241917119612084,0.27541971526133474,0.395203031527328,0.7190405618093478,4,3,90,0.604796968472672,0.7245802847386653,6.0,3.0,0.0
31,1.9518847329841549,0.9162559028375021,0.3557951313542178,0.2874818779836068,0.4405961368046911,0.7130509501162821,4,3,87,0.5594038631953089,0.7125181220163932,3.0,1.0,0.0
32,1.9728785476809583,0.9821051553003977,0.34043048534433146,0.3005470613745341,0.4851851626798146,0.7058587632425787,2,3,88,0.5148148373201854,0.699452938625466,1.0,0.0,0.0
33,1.9938723623777617,1.058782429990949,0.32619016759810876,0.31478148646090753,0.5289579473760901,0.6973094766848532,2,3,88,0.47104205262390986,0.6852185135390925,0.0,0.0,0.0
34,2.0148661770745653,1.1491043477631824,0.31295764224866773,0.3303808051344654,0.5718955223695659,0.6872029216917701,2,3,88,0.42810447763043413,0.6696191948655346,0.0,1.0,0.0
35,2.0358599917713684,1.2569191293843491,0.33589189786632767,0.34757566696888403,0.5782401149669272,0.6752822592812601,2,3,87,0.4217598850330728,0.6524243330311159,1.0,4.0,1.0
36,2.056853806468172,1.3875994062010606,0.3708141495589741,0.36663676197841266,0.5782401149669273,0.6612204036112368,2,4,83,0.4217598850330727,0.6333632380215873,4.0,2.0,1.0
37,2.0778476211649757,1.5488207149797244,0.4138980124075595,0.3878767780201356,0.5782401149669273,0.6446050805724685,2,3,81,0.4217598850330727,0.6121232219798645,2.0,1.0,0.0
38,2.098841435861779,1.751802778132483,0.4681417810250345,0.41164270966220984,0.5782401149669274,0.6249274354132084,2,3,80,0.4217598850330726,0.5883572903377902,1.0,4.0,0.0
39,2.1198352505585825,2.0132551965925085,0.5380108338425331,0.4382819365433778,0.5782401149669274,0.6015899416115683,2,3,76,0.4217598850330726,0.5617180634566221,4.0,1.0,0.0
40,2.140829065255386,2.358132113461397,0.6301737737081383,0.4680398640136443,0.5782401149669274,0.5739805823784006,2,3,77,0.4217598850330726,0.5319601359863557,1.0,3.0,0.0
41,2.1618228799521892,2.8218686845355965,0.7541000895121085,0.5007810566240656,0.5782401149669274,0.5417495797421807,2,3,80,0.4217598850330726,0.4992189433759344,3.0,36.0,0.0
42,2.182816694648993,3.4428916952568573,0.9200587361849439,0.5352689144298587,0.5782401149669275,0.505663747641178,2,3,116,0.4217598850330725,0.4647310855701413,36.0,32.0,0.0
43,2.2038105093457965,4.204416608412444,1.1235643097516446,0.567513241547947,0.5782401149669275,0.46984650857366894,2,3,84,0.4217598850330725,0.432486758452053,32.0,14.0,0.0
44,2.2248043240425996,4.844916142715804,1.2947277514800173,0.5884908688804013,0.5782401149669275,0.4453624107760522,2,3,98,0.4217598850330725,0.41150913111959875,14.0,23.0,0.0
45,2.2457981387394033,4.830282471787802,1.2908171327410334,0.587044026957978,0.5782401149669275,0.4469354139418661,2,3,75,0.4217598850330725,0.41295597304202203,23.0,4.0,0.0
46,2.266791953436207,4.161166632480479,1.112006432909102,0.5626656828080138,0.5782401149669274,0.47488703143306976,2,3,71,0.4217598850330726,0.43733431719198623,4.0,1.0,1.0
47,2.28778576813301,3.3769843998738884,0.902446046544151,0.5261470025271111,0.5782401149669275,0.514516106863204,2,2,70,0.4217598850330725,0.4738529974728889,1.0,3.0,0.0
48,2.3087795828298137,2.7411939241030705,0.7325410267545344,0.486829089395114,0.5782401149669274,0.5542850987624659,2,2,67,0.4217598850330726,0.5131709106048861,3.0,4.0,1.0
49,2.3297733975266173,2.268324129014424,0.6061740002666928,0.4490755272974033,0.5782401149669274,0.5897379796776632,2,3,71,0.4217598850330726,0.5509244727025967,4.0,1.0,0.0
50,2.3507672122234204,1.9176942436008841,0.5124736699058257,0.4143642345507055,0.5782401149669274,0.6199828620995607,2,3,70,0.4217598850330726,0.5856357654492945,1.0,0.0,0.0
51,2.371761026920224,1.6524724218530198,0.4415973032567716,0.3829608604527852,0.5782401149669273,0.645359014251992,2,3,70,0.4217598850330727,0.6170391395472148,0.0,3.0,0.0
52,2.3927548416170277,1.4469144444999171,0.38666516202305806,0.3546815901646412,0.5782401149669272,0.666516346789557,4,3,73,0.4217598850330728,0.6453184098353588,3.0,0.0,1.0
53,2.413748656313831,1.2838623424668505,0.3430920484291813,0.3292015351632596,0.5782401149669273,0.6841054699696584,4,4,73,0.4217598850330727,0.6707984648367404,0.0,1.0,0.0
54,2.4347424710106345,1.151834080864869,0.3219616017831565,0.30617461628318,0.5630851608892271,0.6986883472707185,4,4,74,0.4369148391107729,0.69382538371682,1.0,1.0,1.0
55,2.455736285707438,1.042994898027749,0.3249721999044616,0.28527744430382534,0.5248830174414534,0.7107237644556528,4,5,75,0.4751169825585466,0.7147225556961747,1.0,3.0,0.0
56,2.4767301004042412,0.9518719385282294,0.330586010851422,0.26622255873636164,0.4844493560021476,0.7205758675876149,4,5,78,0.5155506439978523,0.7337774412636384,3.0,2.0,0.0
57,2.497723915101045,0.8745517458938358,0.34975929865601135,0.24875947285735933,0.4286430720150686,0.7285276974168052,4,5,76,0.5713569279849313,0.7512405271426407,2.0,1.0,1.0
58,2.5187177297978485,0.8081739367776823,0.3714516639946338,0.2326711398532728,0.3702210875188877,0.7347936258148573,4,6,75,0.6297789124811123,0.7673288601467272,1.0,12.0,0.0
59,2.5397115444946516,0.7506055598744115,0.3961835735191595,0.217768980787849,0.3090559336801949,0.7395288130837718,4,6,87,0.6909440663198051,0.782231019212151,12.0,40.0,0.0
60,2.5607053591914553,0.7002270599613324,0.42462658644934004,0.20388771631400285,0.24501007254713844,0.7428351719415879,6,6,127,0.7549899274528615,0.7961122836859972,40.0,7.0,0.0
61,2.581699173888259,0.6557884963642606,0.45766102326055835,0.1908804186818135,0.17794023852151097,0.7447635987618328,8,6,134,0.822059761478489,0.8091195813181865,7.0,0.0,0.0
62,2.602692988585062,0.6163109212687313,0.49646127614475966,0.17861383285926755,0.10770366603564328,0.7453120313980478,6,6,134,0.8922963339643567,0.8213861671407324,0.0,2.0,0.0
63,2.6236868032818657,0.5810174020208336,0.5426247339875948,0.16696384706265407,0.034168056539445046,0.744418401413874,6,6,136,0.9658319434605549,0.8330361529373459,2.0,1.0,1.0
64,2.6446806179786693,0.5983708509037451,0.5492838985453727,0.16973502172527677,0.042771532450795305,0.7419467850076342,6,7,135,0.9572284675492047,0.8302649782747232,1.0,2.0,1.0
65,2.6656744326754724,0.6668545735457327,0.5206036943444727,0.18577944684108483,0.12316296341184976,0.7376640298966055,6,6,137,0.8768370365881503,0.8142205531589152,2.0,0.0,0.0
66,2.686668247372276,0.7526659643020539,0.49456124482358976,0.20471228657514046,0.20694282291949492,0.7312031795973225,6,6,137,0.793057177080505,0.7952877134248595,0.0,2.0,0.0
67,2.7076620620690797,0.862620050957202,0.47233423175995,0.22738953744332843,0.2923589401150637,0.7220110556736551,6,6,139,0.7076410598849363,0.7726104625566715,2.0,13.0,1.0
68,2.728655876765883,1.006918936633314,0.4931653715939258,0.2548986695783528,0.34248312726271246,0.7092889082735,6,7,152,0.6575168727372875,0.7451013304216472,13.0,18.0,0.0
69,2.7496496914626865,1.2003541277572345,0.5160862340002367,0.2884336470763998,0.39865521051740616,0.6919916020323796,6,7,134,0.6013447894825938,0.7115663529236003,18.0,1.0,0.0
70,2.77064350615949,1.460759611535675,0.5414228312052501,0.3285806570130346,0.459167336954509,0.6691796103461739,6,7,133,0.5408326630454909,0.6714193429869654,1.0,3.0,0.0
71,2.7916373208562932,1.79110972893424,0.569572057907725,0.37270854779095364,0.5174512201666297,0.6417509430202869,6,7,130,0.4825487798333703,0.6272914522090464,3.0,2.0,1.0
72,2.8126311355530964,2.108933626985883,0.601021831849591,0.4087404927442327,0.5564341621261456,0.6173136624912302,6,8,128,0.4435658378738544,0.5912595072557674,2.0,5.0,0.0
73,2.8336249502499005,2.184098255023059,0.6363784158079908,0.41381476603026396,0.548744066994546,0.6121625281179274,6,8,133,0.45125593300545397,0.586185233969736,5.0,6.0,0.0
74,2.8546187649467036,1.9327322268241376,0.6764040428096788,0.3806279108060425,0.4815111416893452,0.6310371174844227,4,8,139,0.5184888583106548,0.6193720891939575,6.0,22.0,0.0
75,2.875612579643507,1.579769576736634,0.7220695830851229,0.33014954071807073,0.37261508476462224,0.6577416719996788,4,8,161,0.6273849152353778,0.6698504592819292,22.0,9.0,3.0
76,2.896606394340311,1.2801167061264769,0.7746295841472638,0.2809636899202026,0.24600950704812807,0.6797370850160054,6,11,170,0.7539904929518719,0.7190363100797974,9.0,12.0,4.0
77,2.917600209037114,1.0552655690243524,0.8357312542594928,0.23903450327853915,0.11609449157276909,0.6942433069009754,4,7,182,0.8839055084272309,0.7609654967214609,12.0,10.0,0.0
78,2.938594023733917,0.9075760157971512,0.8888832308437981,0.20878251323180788,0.010405348737136798,0.7020683620812632,4,7,172,0.9895946512628632,0.7912174867681921,10.0,4.0,2.0
79,2.9595878384307213,0.993164173343389,0.7636386505238091,0.2288702467508137,0.1306495639131158,0.7044316688303578,4,5,168,0.8693504360868842,0.7711297532491863,4.0,1.0,0.0
80,2.9805816531275244,1.0966734855566929,0.6670676971801339,0.25011390319182886,0.24357643433257717,0.7021908640505732,4,5,169,0.7564235656674229,0.7498860968081711,1.0,0.0,0.0
81,3.0015754678243276,1.2240562482761634,0.5908266977677729,0.27311356205062637,0.3489093067344633,0.6957661261367698,4,5,169,0.6510906932655367,0.7268864379493736,0.0,3.0,0.0
82,3.0225692825211317,1.3839916705284436,0.5293462868418971,0.29852529600136896,0.4466776924559403,0.6851905346402636,4,5,172,0.5533223075440596,0.7014747039986311,3.0,0.0,0.0
83,3.043563097217935,1.589387503187621,0.4788438146981444,0.32706072716193424,0.536953327650372,0.6701605214411264,4,5,172,0.46304667234962804,0.6729392728380658,0.0,7.0,0.0
84,3.064556911914738,1.8595593621113307,0.46825858754800137,0.35942753386142284,0.5976845288811956,0.6500988278497227,4,5,179,0.4023154711188044,0.6405724661385772,7.0,6.0,0.0
85,3.085550726611542,2.222308399301549,0.5124924505531954,0.3960788620409786,0.6252067490907676,0.6243503242767586,6,5,173,0.37479325090923243,0.6039211379590215,6.0,6.0,0.0
86,3.1065445413083452,2.709898312150296,0.6249368571798409,0.4364151832246412,0.6252067490907677,0.5928944747909809,6,5,167,0.3747932509092323,0.5635848167753588,6.0,32.0,2.0
87,3.1275383560051484,3.3207193238428716,0.7657999152639915,0.4766396616458902,0.6252067490907677,0.5585706827352446,6,7,135,0.3747932509092323,0.5233603383541098,32.0,1.0,1.0
88,3.1485321707019525,3.879326148808625,0.8946217208749565,0.5059874392654402,0.6252067490907677,0.5316231251898701,6,8,136,0.3747932509092323,0.4940125607345598,1.0,3.0,3.0
89,3.1695259853987556,3.955954681086175,0.9122932305095145,0.5084754549783682,0.6252067490907677,0.528795052943431,6,5,139,0.3747932509092323,0.4915245450216318,3.0,5.0,1.0
90,3.190519800095559,3.46118077657162,0.7981921044578237,0.48096040010461716,0.6252067490907676,0.5531007547447544,2,4,134,0.37479325090923243,0.5190395998953828,5.0,6.0,0.0
91,3.2115136147923624,2.8215233532002424,0.6506790047813025,0.4380613915913497,0.6252067490907675,0.5885364965013842,2,4,140,0.37479325090923254,0.5619386084086503,6.0,8.0,0.0
92,3.232507429489166,2.289597173761176,0.5436351202074051,0.3930769115610604,0.6162438770977571,0.6220633920206843,2,4,148,0.3837561229022429,0.6069230884389396,8.0,1.0,0.0
93,3.253501244185969,1.892002019165786,0.5551368255355058,0.3515922875791735,0.5462972387222529,0.6493943446781761,2,4,149,0.4537027612777471,0.6484077124208265,1.0,1.0,1.0
94,3.274495058882773,1.5974888591435126,0.5672140156160951,0.3149332763880986,0.4759428444154629,0.67030600046539,2,5,148,0.524057155584537,0.6850667236119015,1.0,1.0,0.0
95,3.2954888735795764,1.3752860915356833,0.579910105188528,0.2828887108222102,0.40680111166324345,0.6856649353935789,2,5,147,0.5931988883367565,0.7171112891777898,1.0,4.0,1.0
96,3.3164826882763796,1.2035408017204832,0.6009926002112247,0.25482764389079415,0.33390803454468915,0.6964146424681159,2,6,151,0.6660919654553108,0.7451723561092058,4.0,3.0,0.0
97,3.3374765029731837,1.0676501538638257,0.6446317974371739,0.23008034910809608,0.24704947459455506,0.7033165400523261,2,6,154,0.7529505254054449,0.769919650891904,3.0,6.0,0.0
98,3.358470317669987,0.9578543856985715,0.6952971678920947,0.2080499596448354,0.158822230929886,0.7069167986517622,2,6,160,0.841177769070114,0.7919500403551646,6.0,18.0,0.0
99,3.37946413236679,0.8675104078553595,0.7547834566797562,0.18823245649245726,0.06948614775653252,0.7075673450649576,6,6,178,0.9305138522434675,0.8117675435075428,18.0,7.0,1.0
100,3.400457947063594,0.8255309784721933,0.7919905719102495,0.17741615919689085,0.020735678330847315,0.705450437820055,4,7,185,0.9792643216691527,0.8225838408031092,7.0,2.0,0.0
101,3.4214517617603972,0.910929101169233,0.7279947103529564,0.1922286923165262,0.11161860577666013,0.7005932742134063,4,7,187,0.8883813942233398,0.8077713076834738,2.0,8.0,1.0
102,3.4424455764572004,1.015794008438377,0.705733117414836,0.20853459838926452,0.18010804846880948,0.692869999142496,4,8,195,0.8198919515311905,0.7914654016107354,8.0,0.0,0.0
103,3.4634393911540045,1.1471304541715353,0.7969804357761051,0.22671309072791643,0.18010804846880948,0.681992585469213,4,8,195,0.8198919515311905,0.7732869092720835,0.0,2.0,3.0
104,3.4844332058508076,1.3153374043569406,0.9138439084280898,0.24719513291661685,0.18010804846880948,0.6674981307092437,4,11,197,0.8198919515311905,0.7528048670833831,2.0,11.0,1.0
105,3.505427020547611,1.5359891825460639,1.0671439535070464,0.27041955179006355,0.18010804846880937,0.6487598816572085,6,10,208,0.8198919515311907,0.7295804482099364,11.0,4.0,2.0
106,3.526420835244415,1.8317166419589521,1.27260358420272,0.29666806562588705,0.18010804846880948,0.6251150380827463,6,12,204,0.8198919515311905,0.7033319343741129,4.0,3.0,1.0
107,3.547414649941218,2.2300707371799224,1.54936410367798,0.32555793246643855,0.18010804846880948,0.5964067996850431,6,11,201,0.8198919515311905,0.6744420675335614,3.0,0.0,1.0
108,3.568408464638021,2.7370766923759366,1.9016115971028007,0.3546829639591792,0.18010804846880957,0.564741763915669,8,12,201,0.8198919515311904,0.6453170360408208,0.0,2.0,2.0
109,3.5894022793348253,3.230929647074787,2.244720910968468,0.3770671048577418,0.18010804846880962,0.5383480481402407,8,14,199,0.8198919515311904,0.6229328951422581,2.0,2.0,3.0
110,3.6103960940316284,3.3605262263343585,2.3347594395750333,0.38145519252199134,0.18010804846880957,0.5320709432298175,8,11,201,0.8198919515311904,0.6185448074780087,2.0,3.0,1.0
111,3.6313899087284316,2.984307488973581,2.0733776828981316,0.3639099996768289,0.18010804846880943,0.5508161285013764,10,10,198,0.8198919515311905,0.6360900003231711,3.0,63.0,1.0
112,3.6523837234252357,2.443121489074505,1.6973832591889368,0.33379465388699603,0.1801080484688095,0.5811284027523965,12,9,261,0.8198919515311904,0.666205346113004,63.0,6.0,3.0
113,3.673377538122039,1.980856233544916,1.3762198174405469,0.3010809274819795,0.18010804846880937,0.6103051586408352,12,12,267,0.8198919515311907,0.6989190725180205,6.0,14.0,0.0
114,3.694371352818842,1.633457633549886,1.1348611414458403,0.2703558992558629,0.1801080484688095,0.6337608040772069,12,12,281,0.8198919515311904,0.7296441007441371,14.0,3.0,0.0
115,3.715365167515645,1.3763599346470987,1.1081698349500635,0.2428934131181342,0.10794400734450409,0.6510508191741496,12,12,278,0.892055992655496,0.7571065868818658,3.0,4.0,4.0
116,3.736358982212449,1.182879863042374,1.1642875532929262,0.21869599850673038,0.007921168988651228,0.6629203154970966,10,16,282,0.9920788310113487,0.7813040014932696,4.0,7.0,1.0
117,3.7573527969092524,1.2266989378427298,1.0337465418635583,0.23422679999193666,0.08536034056625103,0.6702508174590885,12,17,289,0.9146396594337489,0.7657732000080634,7.0,13.0,0.0
118,3.7783466116060556,1.296510198474004,0.9160468738284326,0.252657754647407,0.17195638901628535,0.6737804721189774,10,17,276,0.8280436109837146,0.7473422453525931,13.0,1.0,3.0
119,3.7993404263028596,1.3750994604648816,0.8211609219243621,0.2707470559488431,0.2522189732065862,0.6740636890734315,12,14,277,0.7477810267934137,0.7292529440511569,1.0,0.0,1.0
120,3.820334240999663,1.4642044066836697,0.7432356435717573,0.288680368941458,0.3266085359955698,0.6714926181566971,10,13,277,0.6733914640044302,0.711319631058542,0.0,5.0,0.0
121,3.841328055696466,1.5660454473396117,0.67994862046219,0.30663075551964414,0.3945232267441658,0.6663276837710946,10,13,282,0.6054767732558342,0.6933692444803559,5.0,7.0,2.0
122,3.86232187039327,1.6835019730701724,0.7309461204200932,0.3247609397536353,0.3945232267441658,0.6587233503657982,10,11,275,0.6054767732558342,0.6752390602463647,7.0,13.0,0.0
123,3.883315685090073,1.8203695284587091,0.7903715385205466,0.34322689220702524,0.3945232267441657,0.6487468356132774,10,11,262,0.6054767732558344,0.6567731077929748,13.0,15.0,2.0
124,3.9043094997868764,1.9817429263665856,0.8604369503980612,0.36218126314881754,0.39452322674416573,0.6363906418285938,12,13,247,0.6054767732558343,0.6378187368511825,15.0,3.0,2.0
125,3.9253033144836804,2.1745994250233815,0.9441717554330133,0.3817758009078985,0.3945232267441658,0.6215805719190554,10,11,244,0.6054767732558342,0.6182241990921016,3.0,5.0,1.0
126,3.9462971291804836,2.4087054923976825,1.0458163774479101,0.4021616780592522,0.39452322674416573,0.6041814002848401,10,12,239,0.6054767732558343,0.5978383219407478,5.0,3.0,1.0
127,3.9672909438772868,2.698052458536066,1.1714455989976016,0.42348557695264555,0.3945232267441658,0.584003697088089,10,11,236,0.6054767732558342,0.5765144230473545,3.0,2.0,0.0
128,3.988284758574091,3.063147942336133,1.32996345744708,0.4458767034638207,0.3945232267441659,0.5608190430016484,10,11,234,0.6054767732558342,0.5541232965361793,2.0,4.0,0.0
129,4.009278573270894,3.5345973447119015,1.5346582645535376,0.46941343134722435,0.39452322674416584,0.5344008689703549,12,11,230,0.6054767732558342,0.5305865686527756,4.0,3.0,1.0
130,4.030272387967697,4.158086845636954,1.805366133694141,0.49404230177452013,0.39452322674416584,0.5046348563807215,12,10,227,0.6054767732558342,0.5059576982254799,3.0,5.0,0.0
131,4.051266202664501,4.997876522860627,2.16998762885998,0.5193822102895399,0.3945232267441658,0.4718142708703562,12,10,222,0.6054767732558342,0.4806177897104601,5.0,1.0,0.0
132,4.072260017361304,6.119771910935682,2.6570943234456443,0.544255278762964,0.3945232267441658,0.4374123621638553,12,10,221,0.6054767732558342,0.455744721237036,1.0,2.0,0.0
133,4.0932538320581076,7.4722070907507385,3.244297227641029,0.5656766622071799,0.39452322674416596,0.40587874827601517,10,10,219,0.605476773255834,0.43432333779282006,2.0,10.0,1.0
134,4.114247646754912,8.53338026479363,3.705039434700027,0.5776428721808815,0.3945232267441659,0.38698004631904753,10,11,229,0.6054767732558342,0.4223571278191185,10.0,24.0,1.0
135,4.135241461451715,8.379942155241299,3.638419381563211,0.5733595051988407,0.39452322674416584,0.39180698476785925,10,10,205,0.6054767732558342,0.4266404948011593,24.0,8.0,0.0
136,4.156235276148518,7.160262874529649,3.1088566886445315,0.5525693092246807,0.39452322674416584,0.4190358926701268,10,10,197,0.6054767732558342,0.4474306907753193,8.0,23.0,1.0
137,4.177229090845322,5.812493475750348,2.5236795822215097,0.5209923426323028,0.39452322674416584,0.45644334015539295,10,11,220,0.6054767732558342,0.47900765736769724,23.0,41.0,1.0
138,4.198222905542125,4.7353943705911234,2.05602262379912,0.4836618735323872,0.39452322674416584,0.49381212778516176,10,12,261,0.6054767732558342,0.5163381264676128,41.0,9.0,1.0
139,4.219216720238928,3.9354572881173215,1.7087044047725826,0.44482067243382817,0.39452322674416584,0.5256225027169321,10,11,270,0.6054767732558342,0.5551793275661718,9.0,26.0,2.0
140,4.240210534935732,3.340999430030048,1.4506015500846783,0.4117885278595435,0.39452322674416584,0.5513226336192101,10,13,244,0.6054767732558342,0.5882114721404565,26.0,19.0,2.0
141,4.261204349632536,2.8899941479595883,1.2547832104024408,0.3913753674341437,0.39452322674416573,0.5754198254956375,10,11,225,0.6054767732558343,0.6086246325658563,19.0,6.0,0.0
142,4.282198164329339,2.539418638215315,1.102569662179179,0.37985124991549174,0.3945232267441658,0.5999361832243526,10,11,219,0.6054767732558342,0.6201487500845082,6.0,7.0,1.0
143,4.303191979026143,2.2605964148825217,0.9815100936772564,0.3703207045118061,0.39452322674416584,0.6234303305743549,10,10,226,0.6054767732558342,0.6296792954881939,7.0,3.0,0.0
144,4.324185793722946,2.034293939347582,0.8832536501566924,0.36000753930906276,0.3945232267441658,0.6451160938843762,10,10,229,0.6054767732558342,0.6399924606909373,3.0,15.0,0.0
145,4.345179608419749,1.8473504959108222,0.8020861867952598,0.3484517380876381,0.39452322674416584,0.6649465893802183,10,10,244,0.6054767732558342,0.6515482619123619,15.0,12.0,0.0
146,4.366173423116553,1.690547198659875,0.7340050299994425,0.3356923374160562,0.3945232267441657,0.6829862247081493,10,10,256,0.6054767732558344,0.6643076625839438,12.0,8.0,1.0
147,4.387167237813356,1.55727477126112,0.6761405514752891,0.3217167335233771,0.3945232267441658,0.6991568210859496,10,11,248,0.6054767732558342,0.678283266476623,8.0,10.0,1.0
148,4.4081610525101595,1.4426910096584649,0.6263903537645851,0.30639969405738626,0.3945232267441657,0.7131049310795131,10,12,238,0.6054767732558344,0.6936003059426137,10.0,0.0,0.0
149,4.429154867206964,1.343177469913037,0.5831833739274671,0.2897838175629618,0.3945232267441657,0.7241738393360044,12,12,238,0.6054767732558344,0.7102161824370382,0.0,3.0,1.0
150,4.450148681903767,1.2559814236077749,0.548654134578325,0.27314950145833095,0.3919502116762057,0.7321027942933744,10,11,241,0.6080497883237943,0.726850498541669,3.0,24.0,3.0
151,4.47114249660057,1.1789747383352465,0.5966664197317902,0.26053652282865125,0.3279425665247346,0.7392886835366755,10,8,265,0.6720574334752654,0.7394634771713487,24.0,27.0,2.0
152,4.492136311297374,1.1104881091246763,0.5516785484079972,0.25525197211335293,0.336193460616144,0.7494730326537667,10,10,238,0.6638065393838559,0.7447480278866471,27.0,8.0,2.0
153,4.513130125994177,1.049194871334193,0.458041953304213,0.2541353575298028,0.392209710091047,0.7613756554164626,12,12,246,0.607790289908953,0.7458646424701971,8.0,4.0,2.0
154,4.53412394069098,0.9940280972573016,0.4315890286447001,0.2530736874498978,0.3945232267441656,0.7723639911335539,10,14,250,0.6054767732558344,0.7469263125501022,4.0,1.0,1.0
155,4.555117755387784,0.9441204603368499,0.4099200349815615,0.25079026596973747,0.3945232267441656,0.7819094507823661,10,13,251,0.6054767732558344,0.7492097340302626,1.0,1.0,2.0
156,4.576111570084588,0.8987599492192588,0.3902253211338495,0.2473489837313668,0.3945232267441655,0.7903031085148733,10,11,250,0.6054767732558345,0.7526510162686332,1.0,1.0,1.0
157,4.597105384781391,0.8573567970212956,0.37224882098334894,0.24305563597951987,0.39452322674416557,0.7978511830979633,10,12,249,0.6054767732558344,0.7569443640204802,1.0,9.0,0.0
158,4.618099199478195,0.8194184670748555,0.3557766840134139,0.2381715692108621,0.39452322674416557,0.80475095038433,8,12,258,0.6054767732558344,0.7618284307891379,9.0,6.0,0.0
159,4.639093014174998,0.7845305075372336,0.3406289627268794,0.23288005401134884,0.39452322674416546,0.8111167236764115,8,12,264,0.6054767732558346,0.7671199459886512,6.0,12.0,1.0
160,4.660086828871801,0.7523417370139154,0.3266531805113087,0.227302172102696,0.3945232267441656,0.8170118755512197,8,11,276,0.6054767732558344,0.772697827897304,12.0,17.0,0.0
161,4.681080643568605,0.7225526649613023,0.3137193039872065,0.22151532253179046,0.39452322674416557,0.8224686910926504,10,11,293,0.6054767732558344,0.7784846774682095,17.0,6.0,0.0
162,4.702074458265408,0.694906355239614,0.30171577612786726,0.21556668028870093,0.3945232267441655,0.8274989021744213,12,11,299,0.6054767732558345,0.784433319711299,6.0,7.0,1.0
163,4.7230682729622115,0.6691811541961493,0.2905463589245981,0.2094819238377245,0.39452322674416557,0.8320985869661096,14,12,306,0.6054767732558344,0.7905180761622755,7.0,5.0,1.0
164,4.744062087659016,0.6451848555508615,0.2801275998855293,0.203270565810485,0.39452322674416557,0.8362496084853012,14,13,311,0.6054767732558344,0.796729434189515,5.0,5.0,0.0
165,4.765055902355819,0.6227499825435482,0.27038678362921864,0.1969289289586482,0.39452322674416546,0.839918579564389,14,13,306,0.6054767732558346,0.8030710710413518,5.0,4.0,1.0
166,4.786049717052622,0.6017299462542781,0.2612602638968351,0.19044140365983694,0.39452322674416546,0.8430535490367855,14,12,302,0.6054767732558346,0.809558596340163,4.0,4.0,1.0
167,4.807043531749426,0.5819958965064617,0.2526920962712054,0.18378030318176303,0.3945232267441654,0.8455779721888135,14,13,298,0.6054767732558346,0.8162196968182369,4.0,3.0,0.0
168,4.828037346446229,0.5634341243251,0.24463291037114684,0.17690440233598506,0.39452322674416535,0.8473808414147352,14,13,301,0.6054767732558346,0.823095597664015,3.0,7.0,0.0
169,4.849031161143032,0.5459439067279688,0.24436508869809936,0.16975611301627974,0.3815960842850879,0.8483009256170455,16,13,294,0.6184039157149122,0.8302438869837203,7.0,2.0,3.0
170,4.870024975839836,0.5294357086052751,0.265250826648671,0.1622573592294054,0.3324391067884171,0.8481018392919576,16,16,296,0.6675608932115829,0.8377426407705946,2.0,3.0,0.0
171,4.89101879053664,0.5138296746716284,0.2900402452702098,0.15430519740236162,0.27839010249022633,0.846433899397286,14,16,293,0.7216098975097737,0.8456948025976384,3.0,7.0,0.0
172,4.912012605233443,0.4990543584414781,0.3425912423297752,0.14577252465627644,0.18590142450495267,0.8427836363922355,14,16,300,0.8140985754950474,0.8542274753437236,7.0,9.0,0.0
173,4.933006419930247,0.48504564596171407,0.41397330528086584,0.1365357684643835,0.07905544213791649,0.8364488242409771,18,16,309,0.9209445578620835,0.8634642315356165,9.0,8.0,0.0
174,4.95400023462705,0.5083286836833252,0.4717458404181063,0.1364257710903943,0.03732659340243472,0.8267561680147457,18,16,317,0.9626734065975653,0.8635742289096057,8.0,4.0,2.0
175,4.974994049323853,0.6161694804170113,0.4603935360424866,0.156443407173131,0.14469746962590835,0.8142823701596272,20,14,321,0.8553025303740917,0.843556592826869,4.0,18.0,1.0
176,4.995987864020657,0.6841806281110704,0.5365896157761252,0.16542204673353464,0.12089990976924819,0.8032484879961312,16,15,303,0.8791000902307518,0.8345779532664653,18.0,2.0,1.0
177,5.01698167871746,0.6473134719618074,0.6384649100575238,0.15216223047297744,0.006881871734681709,0.7973431201122869,10,14,305,0.9931181282653183,0.8478377695270225,2.0,3.0,8.0
178,5.0379754934142635,0.775929267541266,0.5427920712149705,0.17825341917541784,0.17679034188237272,0.790105859743025,12,22,308,0.8232096581176273,0.8217465808245822,3.0,40.0,2.0
179,5.058969308111067,0.9537412444047004,0.5870339849927981,0.2109145309686049,0.23800178794106033,0.7748910369190429,20,20,348,0.7619982120589397,0.7890854690313951,40.0,1.0,6.0
180,5.079963122807871,1.138632999268672,0.7008360715512493,0.24058780533458513,0.23800178794106042,0.755695723350137,18,26,347,0.7619982120589396,0.7594121946654149,1.0,14.0,6.0
181,5.100956937504674,1.212892014404501,0.7465429819240261,0.25306629401833786,0.23800178794106042,0.7480980746307773,18,20,333,0.7619982120589396,0.7469337059816621,14.0,11.0,6.0
182,5.121950752201477,1.0992077695595996,0.676569584345048,0.24048069987468026,0.23800178794106047,0.7625070053769576,18,14,322,0.7619982120589395,0.7595193001253198,11.0,3.0,2.0
183,5.142944566898281,0.906133727032349,0.5577312461182209,0.21383635401645537,0.23800178794106025,0.7878561832337899,16,12,319,0.7619982120589397,0.7861636459835446,3.0,13.0,2.0
184,5.163938381595084,0.7345100097423463,0.4520957236208034,0.18582842424165694,0.23800178794106022,0.8115139890331021,14,14,306,0.7619982120589398,0.8141715757583431,13.0,9.0,0.0
185,5.1849321962918875,0.6043929430295091,0.3720078165116934,0.1612947064376304,0.23800178794106025,0.8296530443780177,12,14,315,0.7619982120589397,0.8387052935623696,9.0,7.0,0.0
186,5.205926010988692,0.5081389342361277,0.35250666502595834,0.14082228294245308,0.18083200488517875,0.8424997308594472,14,14,322,0.8191679951148212,0.859177717057547,7.0,4.0,1.0
187,5.226919825685495,0.43591326661131474,0.3450414371997546,0.12379729373862146,0.11635992326841017,0.8510089936764306,16,15,318,0.8836400767315898,0.8762027062613785,4.0,7.0,2.0
188,5.247913640382298,0.38042673862932785,0.33785740597434566,0.10945272620510749,0.0592653102185216,0.8559188765585328,16,17,311,0.9407346897814785,0.8905472737948925,7.0,39.0,2.0
189,5.268907455079102,0.3367713138325062,0.3309391548397274,0.09712345914212835,0.00873456275798136,0.8575782701115341,20,19,350,0.9912654372420187,0.9028765408578716,39.0,16.0,1.0
190,5.289901269775905,0.3642352839976297,0.3242723715962937,0.10416809773108843,0.058042800361984365,0.8559275669140165,20,20,366,0.9419571996380156,0.8958319022689116,16.0,11.0,1.0
191,5.310895084472709,0.43693578764203855,0.3271736960599794,0.12247060672436282,0.14364707404268162,0.8505052015133475,22,19,377,0.8563529259573184,0.8775293932756372,11.0,4.0,1.0
192,5.331888899169512,0.5344583967224799,0.3471847560699284,0.14494752366550334,0.21241433119443365,0.8406511155276712,20,18,373,0.7875856688055664,0.8550524763344967,4.0,15.0,1.0
193,5.3528827138663155,0.6547041617119997,0.3698608439001445,0.17001407589666903,0.27801390468306136,0.8267442828825602,26,17,358,0.7219860953169386,0.8299859241033309,15.0,12.0,6.0
194,5.37387652856312,0.7578370314892168,0.3957625293858045,0.18944532683578066,0.313864979134331,0.8139197601795228,22,23,346,0.686135020865669,0.8105546731642194,12.0,5.0,4.0
195,5.394870343259923,0.759770588085096,0.42561609364602526,0.18928517900093342,0.28189492896197904,0.8123822309590149,18,19,351,0.718105071038021,0.8107148209990666,5.0,5.0,0.0
196,5.415864157956726,0.6574852214899176,0.4603779467925691,0.16912285629940843,0.1763250461147127,0.8221035720319065,20,19,356,0.8236749538852873,0.8308771437005915,5.0,16.0,1.0
197,5.43685797265353,0.5352203683793522,0.5013304766518303,0.14295751512804422,0.032694866720698434,0.8324614104390786,18,18,372,0.9673051332793016,0.8570424848719558,16.0,3.0,0.0
198,5.457851787350333,0.5502277746585301,0.4355217823211755,0.15092622374726805,0.11636423422680375,0.8379831181038316,18,18,369,0.8836357657731962,0.849073776252732,3.0,1.0,2.0
199,5.478845602047136,0.6095219747937047,0.3612260704282358,0.16934317404145083,0.2557779081684385,0.8382197731649574,18,20,368,0.7442220918315615,0.8306568259585492,1.0,1.0,2.0
200,5.49983941674394,0.6827213596814082,0.30609615306495397,0.1896762578222493,0.3808844420346149,0.833764030403125,20,22,369,0.6191155579653851,0.8103237421777507,1.0,1.0,0.0
201,5.520833231440744,0.7749621455198235,0.2643818553643732,0.21273301363703084,0.4912524532022949,0.8249137070774669,22,22,370,0.5087475467977052,0.7872669863629691,1.0,2.0,0.0
202,5.541827046137547,0.8939052628282139,0.25982797054888157,0.23952963642652653,0.5495874383572382,0.8114591150175505,22,22,372,0.4504125616427618,0.7604703635734735,2.0,4.0,2.0
203,5.562820860834351,1.0510022345463157,0.2554896043699563,0.2712579401951151,0.6088921541494144,0.7927060626633795,24,20,368,0.39110784585058556,0.7287420598048848,4.0,2.0,4.0
204,5.583814675531154,1.2624887816828017,0.25127807096962074,0.3090461910023515,0.668009547798815,0.7676502773492588,26,24,366,0.33199045220118495,0.6909538089976486,2.0,3.0,8.0
205,5.604808490227957,1.5457070010828988,0.25705584077334276,0.3528870665098805,0.7148201251933263,0.7357891242157932,28,16,363,0.2851798748066737,0.6471129334901196,3.0,1.0,0.0
206,5.625802304924761,1.8913960198522068,0.26825218201158035,0.39813599380521403,0.751577889602503,0.7001151102273995,26,16,362,0.24842211039749695,0.601864006194786,1.0,3.0,3.0
207,5.646796119621564,2.1762184703048413,0.29437825257473893,0.4288777289470587,0.7616946142212724,0.6734804034311893,24,13,365,0.23830538577872762,0.5711222710529413,3.0,7.0,4.0
208,5.6677899343183675,2.160689981841675,0.32861238476344273,0.4225367409628582,0.7359803379678613,0.6751605412935112,22,17,372,0.26401966203213867,0.5774632590371418,7.0,23.0,4.0
209,5.688783749015172,1.8586475519049683,0.37148103964995854,0.3803831244831992,0.6668523590463017,0.7025837369070411,24,21,395,0.3331476409536983,0.6196168755168008,23.0,2.0,1.0
210,5.709777563711975,1.511381961070714,0.42637632249381935,0.3257937316433473,0.5599282675138465,0.7341614050614708,30,22,397,0.4400717324861535,0.6742062683566528,2.0,5.0,0.0
211,5.730771378408778,1.2309938792455588,0.49838126945297495,0.27398719843982144,0.42362850555816156,0.7572422732943414,32,22,402,0.5763714944418384,0.7260128015601786,5.0,6.0,1.0
212,5.751765193105582,1.0223798724452124,0.5948935509620007,0.22895688884155938,0.2643253239038571,0.7688895964414661,32,23,396,0.7356746760961429,0.7710431111584406,6.0,2.0,2.0
213,5.772759007802385,0.8674561602490294,0.7249700515808524,0.19047138766647498,0.08947736956957265,0.7691980018799429,30,25,398,0.9105226304304274,0.809528612333525,2.0,13.0,0.0
214,5.793752822499188,0.8908485939449126,0.750069583987647,0.1876375335519481,0.08579282736366357,0.7596811757608589,26,25,385,0.9142071726363364,0.8123624664480519,13.0,6.0,2.0
215,5.814746637195992,1.0535119608308448,0.7433021289811624,0.21203142278078202,0.17264436738813532,0.7466982747944287,24,23,391,0.8273556326118647,0.787968577219218,6.0,14.0,4.0
216,5.8357404518927956,1.098602725430282,0.7751157794856312,0.21903791937894723,0.17264436738813535,0.7443755214548738,22,19,377,0.8273556326118646,0.7809620806210528,14.0,5.0,1.0
217,5.856734266589599,0.9778323541317977,0.6899066148614221,0.2036086912783252,0.17264436738813527,0.7590412701221521,24,20,372,0.8273556326118647,0.7963913087216747,5.0,9.0,0.0
218,5.877728081286403,0.8016600748277153,0.5722790361134361,0.17750132286679043,0.1669513859003202,0.7791316192045022,24,20,381,0.8330486140996798,0.8224986771332096,9.0,5.0,1.0
219,5.898721895983206,0.6506366212203515,0.6322378345518677,0.15149114446422504,0.014341845054049939,0.7946773516429272,30,21,386,0.9856581549459501,0.8485088555357749,5.0,11.0,1.0
220,5.919715710680009,0.7058578533910885,0.5370135972281752,0.16962911930101632,0.13585013645521113,0.8031766600740962,28,22,397,0.8641498635447888,0.8303708806989837,11.0,7.0,2.0
221,5.940709525376813,0.798056401140505,0.4528965821341715,0.19435080792556947,0.2759174993953751,0.8048197050058925,28,20,390,0.724082500604625,0.8056491920744305,7.0,7.0,2.0
222,5.961703340073616,0.9161356019488606,0.3895885079380424,0.22220934471480314,0.4032606046130413,0.7999400519600496,30,18,397,0.5967393953869586,0.7777906552851969,7.0,3.0,1.0
223,5.9826971547704195,1.0710378379407492,0.3407906992600335,0.2542729532785913,0.5172350037126804,0.7883785034819576,32,17,394,0.4827649962873196,0.7457270467214088,3.0,9.0,6.0
224,6.003690969467224,1.2786836633136163,0.3065889367018038,0.2916134409338876,0.6132035125077896,0.7694866888656929,32,23,385,0.3867964874922104,0.7083865590661125,9.0,16.0,3.0
225,6.024684784164027,1.5585327794066928,0.2889071194310119,0.334575833381759,0.6872351629811883,0.7426819798686695,26,20,369,0.31276483701881175,0.665424166618241,16.0,12.0,3.0
226,6.04567859886083,1.915212461939573,0.2730866390900926,0.38042709501599237,0.7504119624583341,0.7096032840177249,26,23,357,0.24958803754166592,0.6195729049840076,12.0,20.0,5.0
227,6.066672413557633,2.2641803596446732,0.31825841479085126,0.41814356329062263,0.7535210376010427,0.6796492380708633,28,28,337,0.24647896239895728,0.5818564367093774,20.0,2.0,1.0
228,6.087666228254437,2.3593107879365087,0.33163016725640376,0.42758544689475464,0.7535210376010426,0.6722346314415697,26,29,335,0.2464789623989574,0.5724145531052454,2.0,4.0,5.0
229,6.10866004295124,2.0987240626697234,0.2950014959821943,0.40155909686738134,0.7535210376010427,0.6947145937294513,24,24,339,0.24647896239895728,0.5984409031326187,4.0,16.0,4.0
230,6.1296538576480435,1.7204059750964147,0.28956906109370845,0.35748912486926104,0.7118680024577991,0.7299800089664258,24,20,355,0.28813199754220087,0.6425108751307389,16.0,17.0,1.0
231,6.1506476723448475,1.3964695184495879,0.3122657403562825,0.31220565417449064,0.6345065875511855,0.7626978422243834,24,21,372,0.3654934124488145,0.6877943458255094,17.0,32.0,4.0
232,6.171641487041651,1.1528068794464852,0.33882825347418355,0.2719655117111741,0.545695531036806,0.7882403331397431,28,25,404,0.454304468963194,0.7280344882888259,32.0,16.0,2.0
233,6.192635301738454,0.9724081203426584,0.37030379672636626,0.2375688921652782,0.4484240557949404,0.8066830748927007,26,23,420,0.5515759442050596,0.7624311078347218,16.0,20.0,2.0
234,6.213629116435258,0.836618747177523,0.4081386442119342,0.20819146324557197,0.3442278036905639,0.8190544377796417,26,25,440,0.6557721963094361,0.7918085367544281,20.0,1.0,3.0
235,6.234622931132061,0.731938031515809,0.4543757043465643,0.18275125001750328,0.2339704234879103,0.8261990592393844,26,28,439,0.7660295765120897,0.8172487499824967,1.0,6.0,2.0
236,6.255616745828864,0.6493119671801062,0.5119689742586585,0.1602906698642076,0.11826853263542494,0.8285299567149955,28,26,433,0.8817314673645751,0.8397093301357924,6.0,0.0,2.0
237,6.276610560525668,0.5852842733592069,0.5826943276329688,0.14072386979132956,0.002217459912397316,0.8260206850611059,26,28,433,0.9977825400876027,0.8592761302086704,0.0,0.0,0.0
238,6.2976043752224715,0.6808621505257111,0.5279787875891083,0.1572050902508916,0.12647103362914178,0.818416527605778,28,28,433,0.8735289663708582,0.8427949097491084,0.0,8.0,4.0
239,6.318598189919275,0.8083588649087512,0.49411707671177957,0.17779900738017645,0.24126494636514675,0.8057950761021307,28,24,425,0.7587350536348533,0.8222009926198235,8.0,2.0,1.0
240,6.339592004616079,0.980493807763581,0.5993362045715066,0.20526108651149014,0.2412649463651468,0.7878677034744275,26,25,427,0.7587350536348532,0.7947389134885099,2.0,2.0,0.0
241,6.360585819312882,1.2055779598981697,0.7369210423148855,0.23862611372189388,0.24126494636514678,0.7630128708788004,28,25,425,0.7587350536348532,0.7613738862781061,2.0,10.0,3.0
242,6.381579634009685,1.4505144172598263,0.8866407912352403,0.270270646893546,0.24126494636514684,0.7353078414924478,30,28,435,0.7587350536348532,0.7297293531064539,10.0,3.0,3.0
243,6.402573448706489,1.5745836337484531,0.9624792847837724,0.28571641154083144,0.24126494636514692,0.7206136157305133,30,25,432,0.758735053634853,0.7142835884591685,3.0,8.0,5.0
244,6.423567263403292,1.453124460784588,0.8882362052679563,0.27507211797108216,0.24126494636514675,0.7317022134019597,28,20,440,0.7587350536348533,0.7249278820289178,8.0,8.0,3.0
245,6.4445610781000955,1.2061163856971988,0.737250160226981,0.24757594023257296,0.24126494636514667,0.7578724219998297,28,17,432,0.7587350536348534,0.752424059767427,8.0,3.0,3.0
246,6.4655548927968995,0.9776442061434424,0.5975943583650016,0.2168871507221191,0.24126494636514673,0.7836823016924059,26,14,435,0.7587350536348533,0.7831128492778809,3.0,3.0,1.0
247,6.486548707493703,0.802829684540608,0.490737312403229,0.18908131109559975,0.2412649463651467,0.8033750155363033,28,15,438,0.7587350536348533,0.8109186889044002,3.0,6.0,2.0
248,6.507542522190506,0.6734994964712647,0.45011310245274305,0.16532600305776368,0.19881086615835422,0.8165561957304523,24,17,444,0.8011891338416458,0.8346739969422363,6.0,1.0,2.0
249,6.52853633688731,0.5766879131910896,0.49836477798140116,0.14519883832386132,0.07285515942875911,0.8240724189187156,26,19,445,0.9271448405712409,0.8548011616761386,1.0,0.0,2.0
250,6.549530151584113,0.5578406928478904,0.502526456882475,0.1420554197584829,0.05216517314732061,0.8266707316718565,28,21,445,0.9478348268526794,0.8579445802415171,0.0,0.0,2.0
251,6.570523966280916,0.6326576091272859,0.4443363361394393,0.16083106853262916,0.1748582467111338,0.8247038997665336,28,23,445,0.8251417532888662,0.8391689314673708,0.0,6.0,1.0
252,6.59151778097772,0.728949468839467,0.39766613495312675,0.1825690314245438,0.29405178906729224,0.8180875204071762,28,24,451,0.7059482109327078,0.8174309685754562,6.0,0.0,3.0
253,6.6125115956745235,0.8558960684519845,0.35950860143972047,0.2081763565522532,0.4084133287528776,0.8063032948769389,28,27,451,0.5915866712471224,0.7918236434477468,0.0,2.0,3.0
254,6.633505410371327,1.0266268220049117,0.34649191045339994,0.2385344382751967,0.4953212679094817,0.788495904940953,32,30,453,0.5046787320905183,0.7614655617248033,2.0,3.0,3.0
255,6.654499225068131,1.2558283716496956,0.42384862967510084,0.2737431969169317,0.4953212679094816,0.7640579512558171,32,27,456,0.5046787320905184,0.7262568030830683,3.0,6.0,3.0
256,6.675493039764934,1.5396004348744867,0.5196231820368258,0.3106619873277723,0.4953212679094819,0.7349646112593088,34,30,450,0.5046787320905182,0.6893380126722277,6.0,7.0,2.0
257,6.696486854461737,1.7868947081346938,0.6030862899057378,0.3380446443490553,0.49532126790948183,0.7112389129741827,36,28,457,0.5046787320905182,0.6619553556509448,7.0,27.0,2.0
258,6.717480669158541,1.7989916217507802,0.607169061385682,0.33868647259205104,0.4953212679094819,0.7099906399831013,36,26,430,0.5046787320905182,0.6613135274079489,27.0,0.0,1.0
259,6.738474483855344,1.5612275947668397,0.526922461373935,0.31141855846662414,0.49532126790948194,0.73218121699077,34,27,430,0.5046787320905181,0.6885814415333759,0.0,9.0,2.0
260,6.7594682985521475,1.2720398015204684,0.42932007186490795,0.2731766096660081,0.4953212679094817,0.7606809142214918,32,29,439,0.5046787320905183,0.7268233903339919,9.0,9.0,4.0
261,6.7804621132489515,1.0351613737223255,0.34937236620036255,0.2363032251109653,0.4953212679094818,0.7845013798014008,32,33,448,0.5046787320905182,0.7636967748890346,9.0,2.0,3.0
262,6.801455927945755,0.8584785527679346,0.2897409920100533,0.20452621387336117,0.49532126790948156,0.8014335341534177,32,36,450,0.5046787320905184,0.7954737861266388,2.0,2.0,5.0
263,6.822449742642558,0.727394791345383,0.30028148215794503,0.17790115330105905,0.4156107523348931,0.812282185875112,32,31,448,0.5843892476651069,0.822098846698941,2.0,6.0,2.0
264,6.843443557339362,0.6282532744474283,0.3140735772923541,0.15556051064278167,0.33340840980495867,0.8182335657354367,32,33,454,0.6665915901950413,0.8444394893572184,6.0,5.0,2.0
265,6.864437372036165,0.551436917984024,0.3336699891042062,0.136587458568067,0.24603460569098226,0.8202102712647673,34,31,459,0.7539653943090178,0.863412541431933,5.0,3.0,1.0
266,6.885431186732968,0.4905221747647228,0.36844872983925275,0.12021889254647772,0.14211592531385137,0.8188041532450341,36,32,462,0.8578840746861487,0.8797811074535222,3.0,9.0,1.0
267,6.906425001429772,0.441208392953445,0.41109119037812836,0.10585800731290243,0.035336404199085465,0.8143225489970111,36,33,471,0.9646635958009145,0.8941419926870976,9.0,8.0,3.0
268,6.9274188161265755,0.46440851231533486,0.4171321698279607,0.10787474471631317,0.05362922374998149,0.8068330625944667,34,36,479,0.9463707762500185,0.8921252552836868,8.0,6.0,1.0
269,6.948412630823379,0.5325698227614469,0.47835472404634327,0.1183044719068264,0.05362922374998147,0.7961880410187313,34,35,473,0.9463707762500185,0.8816955280931736,6.0,1.0,0.0
270,6.969406445520183,0.6218240838211451,0.5585229866748785,0.1302329581009415,0.05362922374998153,0.782042304873578,38,35,472,0.9463707762500184,0.8697670418990585,1.0,4.0,2.0
271,6.990400260216986,0.7413109950341283,0.6658462445794835,0.14394086931900235,0.053629223749981546,0.7639240353716285,34,33,468,0.9463707762500184,0.8560591306809977,4.0,0.0,5.0
272,7.011394074913789,0.9024982515369303,0.8106247924971758,0.1594102435301069,0.05362922374998149,0.7415708257268039,32,38,468,0.9463707762500185,0.8405897564698931,0.0,14.0,5.0
273,7.032387889610593,1.1097787370586636,0.9968043227939091,0.17546969953062175,0.05362922374998158,0.716186428135999,32,33,454,0.9463707762500184,0.8245303004693783,14.0,14.0,2.0
274,7.053381704307396,1.3200166742359685,1.1856402389955851,0.18783568984829677,0.05362922374998163,0.6936461530240687,36,31,468,0.9463707762500184,0.8121643101517032,14.0,31.0,2.0
275,7.0743755190041995,1.3931592810716444,1.2513369983941782,0.1883583583868816,0.05362922374998148,0.6856793403128985,36,33,499,0.9463707762500185,0.8116416416131184,31.0,4.0,3.0
276,7.0953693337010035,1.2524340106723173,1.12493742596033,0.1731162982631138,0.053629223749981525,0.6953244382025028,32,30,503,0.9463707762500184,0.8268837017368862,4.0,1.0,2.0
277,7.116363148397807,1.0301162027951363,0.925251358345281,0.14877636428321675,0.053629223749981546,0.7081533895811309,36,32,502,0.9463707762500184,0.8512236357167833,1.0,24.0,6.0
278,7.13735696309461,0.9283415884619813,0.8946409693563323,0.13667111361360415,0.018486528552407445,0.7115920657985038,32,26,526,0.9815134714475926,0.8633288863863958,24.0,22.0,4.0
279,7.158350777791414,1.1364799799241279,1.0669446318233764,0.16405179131089256,0.03155785214072015,0.7022188075237356,28,30,504,0.9684421478592798,0.8359482086891075,22.0,2.0,3.0
280,7.179344592488217,1.3922641224606522,1.3070786619917827,0.19055592698208768,0.03155785214072006,0.6825191666503049,28,27,506,0.96844214785928,0.8094440730179123,2.0,10.0,1.0
281,7.20033840718502,1.6086905857656177,1.5102631063171175,0.20760658330413648,0.031557852140720176,0.661462769584941,32,28,516,0.9684421478592798,0.7923934166958635,10.0,6.0,4.0
282,7.221332221881824,1.7445200355661428,1.607564053984794,0.22052684920817625,0.040856964778498775,0.6506562298933581,36,32,510,0.9591430352215012,0.7794731507918238,6.0,5.0,2.0
283,7.2423260365786275,2.1448542376057773,1.3885468701588835,0.27555130556948443,0.21404514924300716,0.6464791641220654,34,30,505,0.7859548507569929,0.7244486944305155,5.0,14.0,1.0
284,7.263319851275431,2.5432862931590723,1.1303562957195383,0.33426411148620533,0.38461280956317373,0.638954703030041,34,29,519,0.6153871904368262,0.6657358885137947,14.0,34.0,2.0
285,7.284313665972235,2.666030880396923,0.9205364820812427,0.3675509253447914,0.4866754815695466,0.6376959447879481,36,27,485,0.5133245184304533,0.6324490746552086,34.0,13.0,1.0
286,7.305307480669038,2.383155973738189,0.7642410364475007,0.3619441072305487,0.5143662944495125,0.6551316493077752,36,26,472,0.48563370555048746,0.6380558927694513,13.0,4.0,0.0
287,7.326301295365841,1.9567557867428131,0.6482127386436379,0.33423162633460707,0.5023258574324042,0.6834081927472636,34,26,468,0.4976741425675958,0.665768373665393,4.0,4.0,2.0
288,7.347295110062644,1.5882737774071254,0.5603638271433803,0.30221184831246206,0.4784008006221148,0.7115355728634243,36,28,472,0.5215991993778852,0.6977881516875379,4.0,6.0,2.0
289,7.368288924759448,1.3105479554253638,0.4922223474396141,0.2727329243745181,0.45392671860927547,0.7354528375559916,34,30,478,0.5460732813907245,0.7272670756254819,6.0,6.0,2.0
290,7.3892827394562515,1.1049569733250924,0.43813269219413764,0.2470598518440303,0.43213579614414455,0.7546762822924116,36,32,484,0.5678642038558555,0.7529401481559697,6.0,4.0,1.0
291,7.410276554153055,0.950314123125549,0.39430583010099857,0.22480351722416958,0.4135059067733998,0.7696294330279364,36,33,480,0.5864940932266002,0.7751964827758304,4.0,7.0,7.0
292,7.431270368849859,0.8311942759389265,0.38720860458139195,0.2052598062706847,0.36439972233809087,0.7807673315322914,36,40,473,0.6356002776619092,0.7947401937293153,7.0,6.0,1.0
293,7.452264183546662,0.7372413148641093,0.432331858170393,0.18776201538329082,0.2607014795855968,0.7883533179062275,32,41,467,0.7392985204144031,0.8122379846167092,6.0,0.0,6.0
294,7.473257998243465,0.6615411553324148,0.48881457685194074,0.1717427462575966,0.1501505783367477,0.7924013698199127,30,35,467,0.8498494216632523,0.8282572537424033,0.0,4.0,2.0
295,7.494251812940269,0.5994011881406786,0.5611136242878159,0.1567216832777656,0.03299187864111968,0.7926389771997983,34,33,471,0.9670081213588804,0.8432783167222344,4.0,3.0,3.0
296,7.515245627637072,0.6559091557100111,0.547563420558424,0.17043907618174312,0.09002758956712646,0.7884579096266175,38,36,474,0.9099724104328736,0.8295609238182569,3.0,12.0,7.0
297,7.536239442333875,0.7829391565131286,0.5037121488979965,0.19909947498839278,0.2170183999665007,0.7788945048578789,36,43,486,0.7829816000334993,0.8009005250116072,12.0,4.0,4.0
298,7.5572332570306795,0.954214781098453,0.4661642980050768,0.23329770924755408,0.34360579529332985,0.7628863418083923,36,39,490,0.6563942047066702,0.7667022907524459,4.0,11.0,2.0
299,7.578227071727483,1.1731887882659022,0.4336712595465627,0.271287538129978,0.46022522604012583,0.7407272649559853,38,37,501,0.5397747739598742,0.728712461870022,11.0,20.0,3.0
300,7.599220886424286,1.3900435020770252,0.42170949211624353,0.304171327719708,0.534473525400165,0.7185401123062977,38,40,521,0.465526474599835,0.695828672280292,20.0,5.0,1.0
301,7.62021470112109,1.4546299130954046,0.4413036289525902,0.3141340490601433,0.534473525400165,0.7112645155744729,38,39,516,0.465526474599835,0.6858659509398567,5.0,6.0,1.0
302,7.641208515817893,1.298483397212452,0.3939321130177802,0.2939081388544352,0.534473525400165,0.7254052889382084,44,38,510,0.465526474599835,0.7060918611455649,6.0,5.0,2.0
303,7.662202330514696,1.0657611204135784,0.34877041247324025,0.25857668066691863,0.5068750263043492,0.7475617751176392,42,40,515,0.4931249736956508,0.7414233193330814,5.0,13.0,4.0
304,7.6831961452115,0.8652002445715009,0.3986621789892253,0.22263165615194072,0.36913674849821104,0.7657980816815331,44,44,528,0.6308632515017889,0.7773683438480593,13.0,4.0,0.0
305,7.7041899599083035,0.7141205098412169,0.4636630432741579,0.19098339818312704,0.21265152319759392,0.7766296180072325,48,44,524,0.787348476802406,0.809016601816873,4.0,5.0,0.0
306,7.725183774605107,0.6022711333435236,0.5503280464930936,0.16390505051838924,0.04506604529927992,0.7797519915476919,40,44,529,0.9549339547007201,0.8360949494816108,5.0,4.0,2.0
307,7.746177589301911,0.6673488169650635,0.5181178123484302,0.18098748992441654,0.1258837667181346,0.7751455161764408,42,42,533,0.8741162332818654,0.8190125100755834,4.0,18.0,7.0
308,7.767171403998714,0.8207165543157277,0.45327727661120687,0.21748547315911143,0.28841527233862535,0.7629652389457338,46,35,551,0.7115847276613747,0.7825145268408886,18.0,5.0,2.0
309,7.788165218695517,0.9892230692910211,0.4781297039828807,0.2534762731154209,0.3483098097588407,0.7462507437700746,46,33,556,0.6516901902411594,0.746523726884579,5.0,5.0,3.0
310,7.809159033392321,1.078505985975216,0.5156933512688634,0.2722066386577615,0.35303780497067344,0.7355076274018899,46,30,551,0.6469621950293265,0.7277933613422385,5.0,2.0,5.0
311,7.830152848089124,0.9997602540096451,0.5596384654652399,0.25979385341786715,0.2822381364354412,0.7401833871391398,46,35,549,0.7177618635645588,0.7402061465821328,2.0,3.0,12.0
312,7.851146662785927,0.8314169308820752,0.61168948516153,0.22776046833289512,0.1522600435267594,0.7524788558839763,40,47,552,0.8477399564732406,0.7722395316671049,3.0,5.0,10.0
313,7.8721404774827315,0.6742264815668708,0.6740974976248442,0.1934967906295253,9.566242536454237e-05,0.7614155794678873,34,57,557,0.9999043375746355,0.8065032093704747,5.0,5.0,5.0
314,7.893134292179535,0.7506090912522717,0.5534239984909032,0.22193677315265176,0.15121172484986814,0.7634494463477487,34,62,562,0.8487882751501319,0.7780632268473482,5.0,6.0,7.0
315,7.914128106876338,0.8456920180604357,0.46413198361332125,0.2530732682124364,0.2913063388360101,0.758436094912166,36,69,556,0.7086936611639899,0.7469267317875636,6.0,2.0,3.0
316,7.935121921573142,0.9666464215025193,0.39732301675399967,0.2876759418547137,0.41740187776952786,0.7465669598440337,38,66,554,0.5825981222304721,0.7123240581452863,2.0,4.0,11.0
317,7.956115736269945,1.124215301354163,0.34617592181646656,0.3267099518841254,0.5291376657295302,0.7275941221870216,38,55,550,0.47086233427046975,0.6732900481158746,4.0,1.0,9.0
318,7.977109550966748,1.3342841391404356,0.3060674314760136,0.3710584108716445,0.6268270327427518,0.7008506755431609,40,46,551,0.37317296725724824,0.6289415891283555,1.0,1.0,2.0
319,7.998103365663552,1.617936711383228,0.273916112811411,0.4208898304102694,0.7104255581530056,0.6657871011159191,40,44,552,0.28957444184699443,0.5791101695897306,1.0,8.0,4.0
320,8.019097180360355,1.9898177970207882,0.2476411744086911,0.4738713090115595,0.7786407012858187,0.6237662431155114,40,40,560,0.22135929871418125,0.5261286909884405,8.0,20.0,6.0
321,8.040090995057158,2.3989888794720637,0.23453052315564724,0.5211683750986077,0.8218881372799955,0.5826778146915094,40,34,540,0.17811186272000445,0.4788316249013923,20.0,5.0,6.0
322,8.061084809753963,2.6172144306511025,0.25586474155152933,0.5447588600382274,0.8218881372799954,0.5612752852000601,42,28,545,0.17811186272000457,0.4552411399617726,5.0,2.0,3.0
323,8.082078624450766,2.427768430672275,0.23734407650594697,0.5319352327963963,0.8218881372799953,0.5740690769393503,48,25,543,0.17811186272000468,0.4680647672036037,2.0,0.0,3.0
324,8.103072439147569,2.0195684844805406,0.19743753598312358,0.4939155044590776,0.8218881372799954,0.6094350173180352,44,28,543,0.17811186272000457,0.5060844955409224,0.0,3.0,8.0
325,8.124066253844372,1.6374922998119363,0.1910175388889437,0.448952888295294,0.7910675295850108,0.6485847412428235,42,36,540,0.2089324704149892,0.551047111704706,3.0,1.0,2.0
326,8.145060068541175,1.3443032679120956,0.202311517173813,0.40636860114100787,0.738381503752952,0.6829533518789163,38,38,541,0.261618496247048,0.5936313988589921,1.0,1.0,2.0
327,8.166053883237979,1.1273525556427302,0.21504170314414112,0.3687632934808475,0.6796146858695956,0.7108629259771867,40,36,542,0.3203853141304044,0.6312367065191524,1.0,1.0,3.0
328,8.187047697934783,0.9650400404980537,0.22949627984266602,0.3361572874307009,0.6157567150788571,0.7328670411676343,38,39,543,0.3842432849211429,0.6638427125692992,1.0,4.0,3.0
329,8.208041512631587,0.8407896473612656,0.24604460293606972,0.3078508426538614,0.5472269982865237,0.7499140595279722,38,36,547,0.45277300171347634,0.6921491573461386,4.0,7.0,0.0
330,8.22903532732839,0.7433638465727821,0.26516725826721044,0.28305035218107505,0.47415155170790585,0.762828760507725,38,36,554,0.5258484482920942,0.716949647818925,7.0,7.0,3.0
331,8.250029142025193,0.665272748131649,0.28750011244769214,0.26104499982500573,0.39649810706640914,0.7722099430175118,40,39,561,0.6035018929335909,0.7389550001749943,7.0,1.0,2.0
332,8.271022956721996,0.6014590197496104,0.31390024187685855,0.24123705422746447,0.31414854246604623,0.7784357313153922,44,41,560,0.6858514575339538,0.7587629457725356,1.0,4.0,0.0
333,8.2920167714188,0.5484324784573367,0.34554676995571465,0.22312871770596993,0.22694677629461163,0.7816843775463451,44,41,564,0.7730532237053884,0.77687128229403,4.0,12.0,2.0
334,8.313010586115604,0.503727088745957,0.384098365046116,0.20629896191713762,0.13474351651992358,0.7819443317327521,44,39,576,0.8652564834800764,0.7937010380828624,12.0,8.0,0.0
335,8.334004400812407,0.46556044003680674,0.4319434375893725,0.19038072382324975,0.03745610830824298,0.7790059560604596,44,39,584,0.962543891691757,0.8096192761767502,8.0,4.0,1.0
336,8.35499821550921,0.49259940045567774,0.4326169163145234,0.19931163420416617,0.06483076773931591,0.7724328168511078,44,40,588,0.935169232260684,0.8006883657958338,4.0,2.0,1.0
337,8.375992030206014,0.5713299485896878,0.4039067565517741,0.2262858402962465,0.1716744162266002,0.7615180784167789,42,39,590,0.8283255837733998,0.7737141597037536,2.0,2.0,1.0
338,8.396985844902817,0.6759599337379822,0.37867242457647415,0.2586651542440115,0.2818873390502082,0.7452639400264782,48,38,588,0.7181126609497919,0.7413348457559885,2.0,5.0,1.0
339,8.41797965959962,0.8171816294121023,0.35632506669337977,0.29735214636386703,0.3927174546580494,0.7225541865841267,48,39,593,0.6072825453419506,0.7026478536361329,5.0,3.0,2.0
340,8.438973474296425,1.004157124117395,0.34132642052457907,0.3415329216960305,0.49263382390097615,0.6931554506925978,42,41,596,0.5073661760990238,0.6584670783039694,3.0,0.0,4.0
341,8.459967288993228,1.2192301441356612,0.3860168004365788,0.38415198743263607,0.5190561779397208,0.6612028358393887,46,45,596,0.4809438220602792,0.615848012567364,0.0,1.0,16.0
342,8.480961103690031,1.3585520125524386,0.4432310742794295,0.40563796508591693,0.5080083973273644,0.6405746792076941,46,61,597,0.49199160267263564,0.594362034914083,1.0,3.0,10.0
343,8.501954918386835,1.2905192036020292,0.5182616451366424,0.386319903486195,0.42694921222983395,0.6447769334421206,46,71,600,0.573050787770166,0.613680096513805,3.0,19.0,12.0
344,8.522948733083638,1.0846424842371833,0.6188211072528136,0.33618733323200795,0.2734554347457005,0.6625742644919635,50,83,581,0.7265445652542994,0.663812666767992,19.0,51.0,9.0
345,8.543942547780441,0.8797882182671244,0.7544042721471427,0.2787389756947436,0.07672532266269126,0.6739332377357855,42,74,530,0.9232746773373087,0.7212610243052564,51.0,54.0,2.0
346,8.564936362477246,0.9276350543770381,0.7202553120370002,0.2919105683171351,0.1258455942013395,0.6712227573886764,46,76,584,0.8741544057986605,0.708089431682865,54.0,23.0,11.0
347,8.585930177174049,1.0987149836726504,0.6020886927688178,0.33914036215854904,0.2919950713787884,0.6600431743206572,46,65,607,0.7080049286212116,0.660859637841451,23.0,4.0,14.0
348,8.606923991870852,1.1487147402959708,0.5139334809101767,0.3600780311924213,0.38178927525950107,0.6581132703194331,42,51,603,0.6182107247404989,0.6399219688075787,4.0,3.0,0.0
349,8.627917806567655,1.0246790825230518,0.4466956251210594,0.34646258903206756,0.3928186711374352,0.676447854536311,48,51,600,0.6071813288625648,0.6535374109679324,3.0,0.0,9.0
350,8.648911621264459,0.8409468592915329,0.3941583240112589,0.3149097177283697,0.36174128432164576,0.7048710791407294,50,42,600,0.6382587156783542,0.6850902822716303,0.0,6.0,5.0
351,8.669905435961262,0.6828393081606831,0.3521788753426302,0.2815432932962117,0.31947306635603084,0.7322362478040106,50,37,606,0.6805269336439692,0.7184567067037884,6.0,3.0,4.0
352,8.690899250658067,0.5637694584574314,0.31796780145505293,0.25221743470625246,0.27876972900836117,0.755071416296973,52,41,609,0.7212302709916388,0.7477825652937475,3.0,6.0,0.0
353,8.71189306535487,0.4756094009705167,0.28960670082158935,0.22771563356859648,0.24307212003683154,0.7734364108668234,54,41,615,0.7569278799631685,0.7722843664314035,6.0,0.0,4.0
354,8.732886880051673,0.40926728007902724,0.2657448503822053,0.20740095312690954,0.212622000731681,0.7881662326884986,54,37,615,0.787377999268319,0.7925990468730905,0.0,2.0,2.0
355,8.753880694748476,0.358140702743511,0.2454091902167408,0.19044139581008898,0.18678076798895932,0.8000622409685744,54,39,617,0.8132192320110407,0.809558604189911,2.0,1.0,1.0
356,8.77487450944528,0.3177984985955809,0.2278836642434123,0.1761175654295887,0.164775102569549,0.8097447078009803,56,38,618,0.835224897430451,0.8238824345704113,1.0,7.0,1.0
357,8.795868324142083,0.2852815231099001,0.2126310439067384,0.16386496661632427,0.1459101135736826,0.8176665106929734,56,39,611,0.8540898864263173,0.8361350333836757,7.0,1.0,1.0
358,8.816862138838886,0.2585805438338756,0.1992411626009032,0.15325193705846632,0.1296124242231091,0.8241522036018532,56,38,610,0.8703875757768909,0.8467480629415337,1.0,2.0,0.0
359,8.83785595353569,0.23629995310127397,0.1873958947144347,0.14394872758695781,0.11542255757037892,0.8294318084861809,56,38,608,0.8845774424296211,0.8560512724130422,2.0,1.0,1.0
360,8.858849768232494,0.21744735389864256,0.1768449753715873,0.13570109088334265,0.10297531935811044,0.8336650886427247,54,39,609,0.8970246806418896,0.8642989091166573,1.0,4.0,1.0
361,8.879843582929297,0.20130117362182637,0.1673889851277542,0.12831017481722296,0.09198018360209533,0.8369577191272097,56,38,605,0.9080198163979046,0.871689825182777,4.0,2.0,4.0
362,8.9008373976261,0.18732591132476248,0.1588671645798641,0.12161772227522923,0.08220484095626006,0.8393713184627261,56,42,607,0.91779515904374,0.8783822777247707,2.0,2.0,3.0
363,8.921831212322903,0.1751167182272702,0.15120820386200443,0.11549520445696819,0.0732659773951464,0.8409287769375299,58,45,609,0.9267340226048536,0.8845047955430319,2.0,0.0,2.0
364,8.942825027019706,0.1643623610687449,0.16214708798371527,0.10983572309053495,0.006784713555636504,0.8416156706670528,56,43,609,0.9932152864443635,0.8901642769094651,0.0,0.0,2.0
365,8.963818841716511,0.17479067466341458,0.1548199439565138,0.11803375790613758,0.060588857211329186,0.8413779507713001,56,41,609,0.9394111427886708,0.8819662420938624,0.0,3.0,0.0
366,8.984812656413315,0.189560814053086,0.1462973105963024,0.12898971203197163,0.1288148187629745,0.8401155037368633,54,41,612,0.8711851812370255,0.8710102879680284,3.0,6.0,1.0
367,9.005806471110118,0.20702638676027282,0.13864056615485115,0.14151400694382735,0.1978373114024965,0.8376704987602633,54,40,618,0.8021626885975035,0.8584859930561727,6.0,5.0,5.0
368,9.026800285806921,0.22797044568611013,0.13172507809757628,0.15598288383328404,0.2675745490967344,0.8338085633652107,54,45,623,0.7324254509032656,0.8440171161667159,5.0,3.0,1.0
369,9.047794100503724,0.2534951378584995,0.12544888404908194,0.172888799870124,0.3379028204874167,0.8281896929327331,54,44,626,0.6620971795125833,0.8271112001298759,3.0,4.0,0.0
370,9.068787915200527,0.2851884377279359,0.1222198586715774,0.19288122003333347,0.40001291209972706,0.820324605508338,50,44,630,0.5999870879002729,0.8071187799666666,4.0,6.0,0.0
371,9.089781729897332,0.3253901830251868,0.11958251637825543,0.21681528898269772,0.4625175138224195,0.809512401780958,50,44,636,0.5374824861775804,0.7831847110173022,6.0,6.0,1.0
372,9.110775544594135,0.3776027362770637,0.11705076155442844,0.24579009019933565,0.5267363434502467,0.7947630753431218,50,45,642,0.47326365654975333,0.7542099098006644,6.0,5.0,1.0
373,9.131769359290939,0.4470290752204353,0.11461840351447702,0.28109983679766687,0.5918493081366607,0.7747482043240085,50,46,647,0.4081506918633393,0.7189001632023331,5.0,3.0,4.0
374,9.152763173987742,0.5407498140143688,0.1122797256581289,0.32382420020786906,0.6561266563395007,0.7479860242045347,50,50,650,0.34387334366049926,0.6761757997921309,3.0,2.0,1.0
375,9.173756988684545,0.6646682701659922,0.11002944098716036,0.37319830833471995,0.7159422587595365,0.7140328983200038,46,49,648,0.28405774124046346,0.6268016916652801,2.0,2.0,2.0
376,9.194750803381348,0.8062957810110711,0.10786265253355662,0.4219388457311112,0.7640175956911055,0.6776563762441232,48,47,650,0.2359824043088945,0.5780611542688888,2.0,19.0,15.0
377,9.215744618078153,0.8955881845067978,0.10577481807850612,0.4503562488295959,0.788738314067089,0.6552877652125891,54,32,631,0.21126168593291095,0.5496437511704041,19.0,60.0,6.0
378,9.236738432774956,0.847508093839692,0.10376171862955785,0.43961301001463127,0.7818458711304636,0.6641308397672542,52,26,571,0.21815412886953645,0.5603869899853687,60.0,82.0,1.0
379,9.25773224747176,0.7110994997791963,0.1018194301974564,0.39987638950852383,0.7494967174638655,0.6952043184716237,52,27,653,0.2505032825361345,0.6001236104914762,82.0,1.0,0.0
380,9.278726062168563,0.5767865585485586,0.10030299969671091,0.3535105348212584,0.7037230940123952,0.7291572626868889,54,27,654,0.2962769059876048,0.6464894651787416,1.0,1.0,0.0
381,9.299719876865366,0.4724541257269918,0.10367729489987318,0.31164653000809306,0.640091509721631,0.7575686195866287,54,27,653,0.359908490278369,0.6883534699919069,1.0,6.0,3.0
382,9.32071369156217,0.3951890921088947,0.10729403091786174,0.27664080173434846,0.5729447378388913,0.7795150026239992,50,30,647,0.4270552621611087,0.7233591982656515,6.0,5.0,2.0
383,9.341707506258974,0.33752030922842297,0.11118016988890082,0.247880593086225,0.5044348064543506,0.7961297176410933,44,32,642,0.49556519354564943,0.752119406913775,5.0,7.0,2.0
384,9.362701320955777,0.29350841929756555,0.11536680749973673,0.22417744906980666,0.43568697764646225,0.8086845594585648,42,34,635,0.5643130223535378,0.7758225509301934,7.0,1.0,8.0
385,9.38369513565258,0.2590989425361469,0.11988999262688499,0.20443968668640947,0.3673166601800056,0.8181800172974999,44,42,634,0.6326833398199945,0.7955603133135906,1.0,2.0,1.0
386,9.404688950349383,0.2315899920022298,0.12479174893898408,0.18779824614101603,0.299673722848955,0.8253362072983241,42,41,632,0.700326277151045,0.812201753858984,2.0,0.0,3.0
387,9.425682765046187,0.20916141163764945,0.13012135862310717,0.17358889869119554,0.2329621776956007,0.830657553644844,42,38,632,0.7670378223043993,0.8264111013088045,0.0,6.0,2.0
388,9.446676579742991,0.19056070287979912,0.13593698963538692,0.1613078524864827,0.16730198864076623,0.8344937658052435,46,40,626,0.8326980113592337,0.8386921475135173,6.0,11.0,2.0
389,9.467670394439795,0.17490548167323397,0.14230777786187931,0.15057094865020823,0.1027627403064033,0.8370845534417259,46,42,615,0.8972372596935967,0.8494290513497917,11.0,12.0,0.0
390,9.488664209136598,0.1615597303639456,0.14931651846226204,0.14108200468864612,0.03938291184325237,0.8385900076104242,46,42,603,0.9606170881567476,0.8589179953113539,12.0,8.0,1.0
391,9.509658023833401,0.15706318285786836,0.15005518106926335,0.13880274966164396,0.02281856968431796,0.8391105257823794,46,41,595,0.977181430315682,0.861197250338356,8.0,18.0,1.0
392,9.530651838530204,0.16566956934024318,0.14004035169031462,0.14784080799053986,0.0838350864228795,0.8386994238568869,44,40,577,0.9161649135771205,0.8521591920094601,18.0,2.0,3.0
393,9.551645653227007,0.17528553207501998,0.1312467809904249,0.15761303788121558,0.1436675652370543,0.8373703606475086,44,43,575,0.8563324347629457,0.8423869621187844,2.0,0.0,0.0
394,9.572639467923812,0.1860974412092457,0.1234661737084107,0.1682442082012245,0.20232115301242576,0.835100880335879,44,43,575,0.7976788469875742,0.8317557917987755,0.0,0.0,2.0
395,9.593633282620615,0.1983398484879682,0.11653461267943442,0.17988059953771574,0.2598027020204788,0.831832774184012,46,41,575,0.7401972979795213,0.8201194004622843,0.0,20.0,2.0
396,9.614627097317419,0.21231183982128576,0.11032144411581019,0.19269616559729755,0.3161186423821059,0.8274695029532458,50,39,595,0.6838813576178941,0.8073038344027025,20.0,4.0,0.0
397,9.635620912014222,0.228400370881369,0.1047213145736575,0.2069003105870555,0.37127290629180176,0.8218705330136957,52,39,599,0.6287270937081982,0.7930996894129445,4.0,18.0,2.0
398,9.656614726711025,0.24711421608725892,0.0996483731843048,0.22274781860346288,0.4252645685128025,0.814842063882658,54,41,617,0.5747354314871975,0.7772521813965372,18.0,5.0,3.0
399,9.677608541407828,0.26913438658429756,0.0950319873215001,0.24055155292348207,0.4780847759102374,0.8061232256741802,54,44,622,0.5219152240897627,0.7594484470765179,5.0,22.0,0.0
400,9.698602356104633,0.2953906377455295,0.09081353315283025,0.26069851004432615,0.5297123128339771,0.7953664098246235,52,44,644,0.47028768716602287,0.7393014899556738,22.0,11.0,0.0
401,9.719596170801436,0.3271800887812742,0.08694396099744543,0.28366938327612323,0.5801066803828331,0.7821101077117855,52,44,655,0.4198933196171669,0.7163306167238768,11.0,19.0,1.0
402,9.74058998549824,0.36635466514131776,0.08338192690276287,0.31006017944205555,0.6291966080687935,0.7657430300725276,52,43,674,0.3708033919312065,0.6899398205579444,19.0,12.0,2.0
403,9.761583800195043,0.41562045858187174,0.08009234330458984,0.3405994548549525,0.6768598954887003,0.7454612360475897,52,41,686,0.3231401045112997,0.6594005451450475,12.0,11.0,1.0
404,9.782577614891846,0.47900934806740403,0.07704524355320902,0.37614021494296496,0.7228860449523055,0.720231513887815,52,42,697,0.27711395504769454,0.6238597850570351,11.0,5.0,5.0
405,9.803571429588649,0.5625577083690776,0.07421488409850087,0.41756376412812873,0.7669030200847411,0.6888134198170571,52,37,702,0.2330969799152589,0.5824362358718713,5.0,3.0,7.0
406,9.824565244285454,0.6749149452048904,0.07157902847859307,0.4654141922628953,0.8082261049599757,0.6500186781195206,52,30,705,0.1917738950400243,0.5345858077371046,3.0,0.0,0.0
407,9.845559058982257,0.8258391638347864,0.0691183717157584,0.5187689633244313,0.8455382094229985,0.6037631280245569,56,30,705,0.1544617905770015,0.48123103667556866,0.0,2.0,5.0
408,9.86655287367906,1.0132037705985724,0.06681607411911379,0.5722901457207517,0.8762688029374501,0.554282745544134,60,25,707,0.12373119706254987,0.42770985427924835,2.0,0.0,3.0
409,9.887546688375863,1.1781635343353123,0.064657381051846,0.6114541337489866,0.895950606798881,0.5161856540027591,62,22,707,0.10404939320111894,0.3885458662510134,0.0,0.0,1.0
410,9.908540503072667,1.189516958090142,0.06357598881042766,0.6163755271294706,0.8985294922173513,0.5115504705038456,62,23,707,0.10147050778264866,0.38362447287052936,0.0,0.0,1.0
411,9.92953431776947,1.034408517530255,0.06278842675636155,0.5855127224573728,0.8855475726881716,0.5425114721156011,62,24,707,0.11445242731182836,0.41448727754262715,0.0,1.0,4.0
412,9.950528132466275,0.8435047404937068,0.06201852656974056,0.5379782809262124,0.8630216829858761,0.5881107325070608,54,28,706,0.13697831701412388,0.46202171907378764,1.0,6.0,5.0
413,9.971521947163078,0.6866434813327428,0.06126570588585991,0.48926563329801603,0.8361680617570666,0.6324577132042709,56,33,700,0.1638319382429334,0.5107343667019839,6.0,29.0,6.0
414,9.992515761859881,0.5695597727542963,0.06052940763383452,0.4453525937930485,0.8078703475068427,0.6704189784750608,58,39,671,0.19212965249315728,0.5546474062069515,29.0,54.0,4.0
415,10.013509576556684,0.482694093528015,0.05980909867869339,0.40741072655228594,0.779506924427811,0.701684523388367,54,43,617,0.220493075572189,0.5925892734477141,54.0,53.0,2.0
416,10.034503391253487,0.4170094794762977,0.059104268549994905,0.37499646590183067,0.7517220672790514,0.7272595808667085,58,45,564,0.24827793272094856,0.6250035340981693,53.0,21.0,1.0
417,10.05549720595029,0.3661286756960965,0.05841442825060143,0.3472841823977184,0.7248127329943117,0.7482827449711471,56,44,543,0.2751872670056883,0.6527158176022816,21.0,11.0,0.0
418,10.076491020647095,0.32579007448057257,0.057739109139780115,0.3234627187055712,0.698906306973838,0.7657225172076438,56,44,532,0.30109369302616196,0.6765372812944288,11.0,2.0,1.0
419,10.097484835343899,0.2931405280891506,0.057077861885276755,0.3028395843922395,0.6740441763241224,0.7803397502698025,54,43,534,0.3259558236758776,0.6971604156077604,2.0,,
