damage,method,mean_overlap,sd_overlap,mean_gauge_rmse
0.3,A_local,0.599418908693481,0.30774986871352306,0.9585902344247021
0.3,B_global_leader,0.0014773542950853673,0.0008071195506873253,1.8122990206409182
0.3,C_learned_relational,0.9158792145542136,0.18069237213421852,0.2969764391244704
0.45,A_local,0.40144679526113997,0.29610370466395786,1.2871110610568304
0.45,B_global_leader,0.001473251358854503,0.0007285726271701557,1.8119250315046138
0.45,C_learned_relational,0.7674149666899226,0.28085010381438047,0.6205680867995242
0.6,A_local,0.27321327183431987,0.2579719550730804,1.4770627320940823
0.6,B_global_leader,0.0014758400394312013,0.0007910308763167023,1.8122669416789918
0.6,C_learned_relational,0.6467694012732476,0.29253212842159393,0.8774248445878529
0.7,A_local,0.21095428794324192,0.21255283916215015,1.565384499248453
0.7,B_global_leader,0.001507797278922108,0.0007985088427917672,1.8120418276071204
0.7,C_learned_relational,0.5294367389744159,0.28778175146691687,1.0880131951825396
